class	CompilationUnit	636c617373204d61696e207b7d	true	13	ACCEPT
unicode-crlf	CompilationUnit	2f2f20e697a5f09f98800d0a636c617373204d61696e207b20537472696e672073203d2022e697a5f09f9880223b207d0d0a	true	40	ACCEPT
method	CompilationUnit	7061636b6167652073616d706c652e76313b20696d706f727420702e436f6e746578743b207075626c696320636c617373204d61696e207b207075626c696320626f6f6c65616e20636865636b28436f6e7465787420632c20537472696e672074617267657429207b2072657475726e207461726765742e6d61746368657328225b612d7a5d2b22293b207d207d	true	142	ACCEPT
types-not-grammar	CompilationUnit	636c617373204d61696e207b20696e74206e203d202278223b207d	true	27	SEMANTIC
unclosed	CompilationUnit	636c617373204d61696e207b	false	12	SYNTAX
keyword-boundary	CompilationUnit	636c6173734d61696e207b7d	false	12	SYNTAX
reserved-name	CompilationUnit	636c6173732072657475726e207b7d	false	15	SYNTAX
leading-zero	CompilationUnit	636c617373204d61696e207b20696e742078203d2030393b207d	false	26	SYNTAX
record-unsupported	CompilationUnit	7265636f7264204d61696e28696e742076616c756529207b7d	false	25	ACCEPT
type	Type	537472696e675b5d	true	8	SKIP
expression	Expression	7461726765742e6d6174636865732822e697a5f09f98802229	true	20	SKIP
statement	Statement	72657475726e20313b	true	9	SKIP
block	Block	7b2072657475726e2022e697a5f09f9880223b207d	true	16	SKIP
tiny69-1	CompilationUnit	2f2f7061636b6167652073616d706c652e76313b2f2f76657273696f6e312e206966206c6f6769632075706461746573207468656e20757064617465207061636b6167652e0a696d706f7274206f72672e756e6c617865722e74696e7965787072657373696f6e2e43616c63756c6174696f6e436f6e746578743b0a0a7075626c696320636c61737320436865636b4469676974737b0a097075626c696320626f6f6c65616e20636865636b2843616c63756c6174696f6e436f6e746578742063616c63756c6174696f6e436f6e746578742c537472696e6720746172676574297b0a090972657475726e207461726765742e6d61746368657328225c5c642b22293b0a097d0a7d	true	264	ACCEPT
tiny69-2	CompilationUnit	7061636b6167652073616d706c652e76313b2f2f76657273696f6e312e206966206c6f6769632075706461746573207468656e20757064617465207061636b6167652e0a696d706f7274206f72672e756e6c617865722e74696e7965787072657373696f6e2e43616c63756c6174696f6e436f6e746578743b0a0a7075626c696320636c61737320436865636b416c706861626574737b0a097075626c696320626f6f6c65616e20636865636b2843616c63756c6174696f6e436f6e746578742063616c63756c6174696f6e436f6e746578742c537472696e6720746172676574297b0a090972657475726e207461726765742e6d61746368657328225b612d7a412d5a5d2b22293b0a097d0a7d	true	270	ACCEPT
expression-statement	CompilationUnit	636c617373204d61696e207b20766f696420662829207b20313b207d207d	false	30	SYNTAX
other-reserved	CompilationUnit	636c61737320737769746368207b7d	false	15	SYNTAX
