seed-384383-0-original	CompilationUnit	2f2f203020f09090800d0a636c617373204d61696e207b20696e742076616c75652829207b2072657475726e203139343b207d207d	true	50	GENERATED
seed-384383-0-remove-close	CompilationUnit	2f2f203020f09090800d0a636c617373204d61696e207b20696e742076616c75652829207b2072657475726e203139343b207d20	false	49	GENERATED
seed-384383-1-original	CompilationUnit	2f2f20312065cc810d0a636c617373204d61696e207b20696e742076616c75652829207b2072657475726e203733373b207d207d	true	51	GENERATED
seed-384383-1-remove-close	CompilationUnit	2f2f20312065cc810d0a636c617373204d61696e207b20696e742076616c75652829207b2072657475726e203733373b207d20	false	50	GENERATED
seed-384383-2-original	CompilationUnit	2f2f203220e697a5f09f98800d0a636c617373204d61696e207b20696e742076616c75652829207b2072657475726e203133323b207d207d	true	51	GENERATED
seed-384383-2-remove-close	CompilationUnit	2f2f203220e697a5f09f98800d0a636c617373204d61696e207b20696e742076616c75652829207b2072657475726e203133323b207d20	false	50	GENERATED
seed-384383-3-original	CompilationUnit	2f2f203320e697a5e69cace8aa9e0d0a636c617373204d61696e207b20696e742076616c75652829207b2072657475726e203732333b207d207d	true	52	GENERATED
seed-384383-3-remove-close	CompilationUnit	2f2f203320e697a5e69cace8aa9e0d0a636c617373204d61696e207b20696e742076616c75652829207b2072657475726e203732333b207d20	false	51	GENERATED
seed-384383-4-original	CompilationUnit	2f2f203420f09090800d0a636c617373204d61696e207b20696e742076616c75652829207b2072657475726e203138323b207d207d	true	50	GENERATED
seed-384383-4-remove-close	CompilationUnit	2f2f203420f09090800d0a636c617373204d61696e207b20696e742076616c75652829207b2072657475726e203138323b207d20	false	49	GENERATED
seed-384383-5-original	CompilationUnit	2f2f20352065cc810d0a636c617373204d61696e207b20696e742076616c75652829207b2072657475726e203439333b207d207d	true	51	GENERATED
seed-384383-5-remove-close	CompilationUnit	2f2f20352065cc810d0a636c617373204d61696e207b20696e742076616c75652829207b2072657475726e203439333b207d20	false	50	GENERATED
seed-384383-6-original	CompilationUnit	2f2f203620e697a5f09f98800d0a636c617373204d61696e207b20696e742076616c75652829207b2072657475726e203939323b207d207d	true	51	GENERATED
seed-384383-6-remove-close	CompilationUnit	2f2f203620e697a5f09f98800d0a636c617373204d61696e207b20696e742076616c75652829207b2072657475726e203939323b207d20	false	50	GENERATED
seed-384383-7-original	CompilationUnit	2f2f203720e697a5e69cace8aa9e0d0a636c617373204d61696e207b20696e742076616c75652829207b2072657475726e203837313b207d207d	true	52	GENERATED
seed-384383-7-remove-close	CompilationUnit	2f2f203720e697a5e69cace8aa9e0d0a636c617373204d61696e207b20696e742076616c75652829207b2072657475726e203837313b207d20	false	51	GENERATED
seed-384383-8-original	CompilationUnit	2f2f203820f09090800d0a636c617373204d61696e207b20696e742076616c75652829207b2072657475726e203937303b207d207d	true	50	GENERATED
seed-384383-8-remove-close	CompilationUnit	2f2f203820f09090800d0a636c617373204d61696e207b20696e742076616c75652829207b2072657475726e203937303b207d20	false	49	GENERATED
seed-384383-9-original	CompilationUnit	2f2f20392065cc810d0a636c617373204d61696e207b20696e742076616c75652829207b2072657475726e203734353b207d207d	true	51	GENERATED
seed-384383-9-remove-close	CompilationUnit	2f2f20392065cc810d0a636c617373204d61696e207b20696e742076616c75652829207b2072657475726e203734353b207d20	false	50	GENERATED
seed-384383-10-original	CompilationUnit	2f2f20313020e697a5f09f98800d0a636c617373204d61696e207b20696e742076616c75652829207b2072657475726e203530303b207d207d	true	52	GENERATED
seed-384383-10-remove-close	CompilationUnit	2f2f20313020e697a5f09f98800d0a636c617373204d61696e207b20696e742076616c75652829207b2072657475726e203530303b207d20	false	51	GENERATED
seed-384383-11-original	CompilationUnit	2f2f20313120e697a5e69cace8aa9e0d0a636c617373204d61696e207b20696e742076616c75652829207b2072657475726e203430333b207d207d	true	53	GENERATED
seed-384383-11-remove-close	CompilationUnit	2f2f20313120e697a5e69cace8aa9e0d0a636c617373204d61696e207b20696e742076616c75652829207b2072657475726e203430333b207d20	false	52	GENERATED
seed-384383-12-original	CompilationUnit	2f2f20313220f09090800d0a636c617373204d61696e207b20696e742076616c75652829207b2072657475726e203939303b207d207d	true	51	GENERATED
seed-384383-12-remove-close	CompilationUnit	2f2f20313220f09090800d0a636c617373204d61696e207b20696e742076616c75652829207b2072657475726e203939303b207d20	false	50	GENERATED
seed-384383-13-original	CompilationUnit	2f2f2031332065cc810d0a636c617373204d61696e207b20696e742076616c75652829207b2072657475726e203834353b207d207d	true	52	GENERATED
seed-384383-13-remove-close	CompilationUnit	2f2f2031332065cc810d0a636c617373204d61696e207b20696e742076616c75652829207b2072657475726e203834353b207d20	false	51	GENERATED
seed-384383-14-original	CompilationUnit	2f2f20313420e697a5f09f98800d0a636c617373204d61696e207b20696e742076616c75652829207b2072657475726e203436343b207d207d	true	52	GENERATED
seed-384383-14-remove-close	CompilationUnit	2f2f20313420e697a5f09f98800d0a636c617373204d61696e207b20696e742076616c75652829207b2072657475726e203436343b207d20	false	51	GENERATED
seed-384383-15-original	CompilationUnit	2f2f20313520e697a5e69cace8aa9e0d0a636c617373204d61696e207b20696e742076616c75652829207b2072657475726e203835353b207d207d	true	53	GENERATED
seed-384383-15-remove-close	CompilationUnit	2f2f20313520e697a5e69cace8aa9e0d0a636c617373204d61696e207b20696e742076616c75652829207b2072657475726e203835353b207d20	false	52	GENERATED
seed-384383-16-original	CompilationUnit	2f2f20313620f09090800d0a636c617373204d61696e207b20696e742076616c75652829207b2072657475726e203630323b207d207d	true	51	GENERATED
seed-384383-16-remove-close	CompilationUnit	2f2f20313620f09090800d0a636c617373204d61696e207b20696e742076616c75652829207b2072657475726e203630323b207d20	false	50	GENERATED
seed-384383-17-original	CompilationUnit	2f2f2031372065cc810d0a636c617373204d61696e207b20696e742076616c75652829207b2072657475726e203332393b207d207d	true	52	GENERATED
seed-384383-17-remove-close	CompilationUnit	2f2f2031372065cc810d0a636c617373204d61696e207b20696e742076616c75652829207b2072657475726e203332393b207d20	false	51	GENERATED
seed-384383-18-original	CompilationUnit	2f2f20313820e697a5f09f98800d0a636c617373204d61696e207b20696e742076616c75652829207b2072657475726e2032383b207d207d	true	51	GENERATED
seed-384383-18-remove-close	CompilationUnit	2f2f20313820e697a5f09f98800d0a636c617373204d61696e207b20696e742076616c75652829207b2072657475726e2032383b207d20	false	50	GENERATED
seed-384383-19-original	CompilationUnit	2f2f20313920e697a5e69cace8aa9e0d0a636c617373204d61696e207b20696e742076616c75652829207b2072657475726e2031313b207d207d	true	52	GENERATED
seed-384383-19-remove-close	CompilationUnit	2f2f20313920e697a5e69cace8aa9e0d0a636c617373204d61696e207b20696e742076616c75652829207b2072657475726e2031313b207d20	false	51	GENERATED
seed-384383-20-original	CompilationUnit	2f2f20323020f09090800d0a636c617373204d61696e207b20696e742076616c75652829207b2072657475726e203937343b207d207d	true	51	GENERATED
seed-384383-20-remove-close	CompilationUnit	2f2f20323020f09090800d0a636c617373204d61696e207b20696e742076616c75652829207b2072657475726e203937343b207d20	false	50	GENERATED
seed-384383-21-original	CompilationUnit	2f2f2032312065cc810d0a636c617373204d61696e207b20696e742076616c75652829207b2072657475726e203636393b207d207d	true	52	GENERATED
seed-384383-21-remove-close	CompilationUnit	2f2f2032312065cc810d0a636c617373204d61696e207b20696e742076616c75652829207b2072657475726e203636393b207d20	false	51	GENERATED
seed-384383-22-original	CompilationUnit	2f2f20323220e697a5f09f98800d0a636c617373204d61696e207b20696e742076616c75652829207b2072657475726e203232343b207d207d	true	52	GENERATED
seed-384383-22-remove-close	CompilationUnit	2f2f20323220e697a5f09f98800d0a636c617373204d61696e207b20696e742076616c75652829207b2072657475726e203232343b207d20	false	51	GENERATED
seed-384383-23-original	CompilationUnit	2f2f20323320e697a5e69cace8aa9e0d0a636c617373204d61696e207b20696e742076616c75652829207b2072657475726e203830373b207d207d	true	53	GENERATED
seed-384383-23-remove-close	CompilationUnit	2f2f20323320e697a5e69cace8aa9e0d0a636c617373204d61696e207b20696e742076616c75652829207b2072657475726e203830373b207d20	false	52	GENERATED
seed-384383-24-original	CompilationUnit	2f2f20323420f09090800d0a636c617373204d61696e207b20696e742076616c75652829207b2072657475726e2037343b207d207d	true	50	GENERATED
seed-384383-24-remove-close	CompilationUnit	2f2f20323420f09090800d0a636c617373204d61696e207b20696e742076616c75652829207b2072657475726e2037343b207d20	false	49	GENERATED
seed-384383-25-original	CompilationUnit	2f2f2032352065cc810d0a636c617373204d61696e207b20696e742076616c75652829207b2072657475726e203839373b207d207d	true	52	GENERATED
seed-384383-25-remove-close	CompilationUnit	2f2f2032352065cc810d0a636c617373204d61696e207b20696e742076616c75652829207b2072657475726e203839373b207d20	false	51	GENERATED
seed-384383-26-original	CompilationUnit	2f2f20323620e697a5f09f98800d0a636c617373204d61696e207b20696e742076616c75652829207b2072657475726e203938383b207d207d	true	52	GENERATED
seed-384383-26-remove-close	CompilationUnit	2f2f20323620e697a5f09f98800d0a636c617373204d61696e207b20696e742076616c75652829207b2072657475726e203938383b207d20	false	51	GENERATED
seed-384383-27-original	CompilationUnit	2f2f20323720e697a5e69cace8aa9e0d0a636c617373204d61696e207b20696e742076616c75652829207b2072657475726e203837353b207d207d	true	53	GENERATED
seed-384383-27-remove-close	CompilationUnit	2f2f20323720e697a5e69cace8aa9e0d0a636c617373204d61696e207b20696e742076616c75652829207b2072657475726e203837353b207d20	false	52	GENERATED
seed-384383-28-original	CompilationUnit	2f2f20323820f09090800d0a636c617373204d61696e207b20696e742076616c75652829207b2072657475726e203139303b207d207d	true	51	GENERATED
seed-384383-28-remove-close	CompilationUnit	2f2f20323820f09090800d0a636c617373204d61696e207b20696e742076616c75652829207b2072657475726e203139303b207d20	false	50	GENERATED
seed-384383-29-original	CompilationUnit	2f2f2032392065cc810d0a636c617373204d61696e207b20696e742076616c75652829207b2072657475726e203530313b207d207d	true	52	GENERATED
seed-384383-29-remove-close	CompilationUnit	2f2f2032392065cc810d0a636c617373204d61696e207b20696e742076616c75652829207b2072657475726e203530313b207d20	false	51	GENERATED
seed-384383-30-original	CompilationUnit	2f2f20333020e697a5f09f98800d0a636c617373204d61696e207b20696e742076616c75652829207b2072657475726e203437323b207d207d	true	52	GENERATED
seed-384383-30-remove-close	CompilationUnit	2f2f20333020e697a5f09f98800d0a636c617373204d61696e207b20696e742076616c75652829207b2072657475726e203437323b207d20	false	51	GENERATED
seed-384383-31-original	CompilationUnit	2f2f20333120e697a5e69cace8aa9e0d0a636c617373204d61696e207b20696e742076616c75652829207b2072657475726e2039353b207d207d	true	52	GENERATED
seed-384383-31-remove-close	CompilationUnit	2f2f20333120e697a5e69cace8aa9e0d0a636c617373204d61696e207b20696e742076616c75652829207b2072657475726e2039353b207d20	false	51	GENERATED
depth-1	Expression	283129	true	3	SKIP
depth-8	Expression	2828282828282828312929292929292929	true	17	SKIP
depth-32	Expression	2828282828282828282828282828282828282828282828282828282828282828312929292929292929292929292929292929292929292929292929292929292929	true	65	SKIP
depth-64	Expression	282828282828282828282828282828282828282828282828282828282828282828282828282828282828282828282828282828282828282828282828282828283129292929292929292929292929292929292929292929292929292929292929292929292929292929292929292929292929292929292929292929292929292929	true	129	SKIP
