# id	input	word	kind	invert	wrapper	prior	success	consumed	matched	leafKind	start	end	text	failureCP	allSpans
real-consume	😀x	😀	consumed	false	none	none	true	1	1	consumed	0	1	😀	~	0:1
real-match	😀x	😀	matchOnly	false	none	none	true	0	1	matchOnly	0	1	😀	~	0:1
virtual-consume	😀x	😀	virtualTokenConsumed	false	none	none	true	1	1	virtualTokenConsumed	0	1	😀	~	0:1
virtual-match	😀x	😀	virtualTokenMatchOnly	false	none	none	true	0	1	virtualTokenMatchOnly	0	1	😀	~	0:1
consume-after-match	ab	a	consumed	false	none	match-a	true	1	1	consumed	0	1	a	~	0:1
virtual-consume-after-match	ab	b	virtualTokenConsumed	false	none	match-a	true	1	1	virtualTokenConsumed	1	2	b	~	1:2
virtual-match-after-match	ab	b	virtualTokenMatchOnly	false	none	match-a	true	0	2	virtualTokenMatchOnly	1	2	b	~	1:2
real-match-after-match	ab	b	matchOnly	false	none	match-a	true	0	2	matchOnly	1	2	b	~	1:2
consume-after-consume	a😀	😀	consumed	false	none	consume-a	true	2	2	consumed	1	2	😀	~	1:2
virtual-consume-after-consume	a😀	😀	virtualTokenConsumed	false	none	consume-a	true	2	2	virtualTokenConsumed	1	2	😀	~	1:2
invert-real	😀x	a	consumed	true	none	none	true	1	1	consumed	0	1	😀	~	0:1
invert-match	😀x	a	matchOnly	true	none	none	true	0	1	matchOnly	0	1	😀	~	0:1
invert-virtual	😀x	a	virtualTokenConsumed	true	none	none	true	1	1	virtualTokenConsumed	0	1	😀	~	0:1
invert-virtual-match	😀x	a	virtualTokenMatchOnly	true	none	none	true	0	1	virtualTokenMatchOnly	0	1	😀	~	0:1
invert-equal-fails	a	a	consumed	true	none	none	false	0	0	~	0	0	~	0	~
plain-mismatch	b	a	consumed	false	none	none	false	0	0	~	0	0	~	0	~
short-invert-fails	a	ab	consumed	true	none	none	false	0	0	~	0	0	~	0	~
eof-invert-fails	~	a	consumed	true	none	none	false	0	0	~	0	0	~	0	~
empty-word-fails	a	~	consumed	false	none	none	false	0	0	~	0	0	~	0	~
stop-consume	a	a	matchOnly	false	consume	none	true	1	1	consumed	0	1	a	~	0:1
stop-virtual-consume	a	a	virtualTokenMatchOnly	false	consume	none	true	1	1	consumed	0	1	a	~	0:1
stop-consume-invert	b	a	virtualTokenConsumed	true	consume	none	true	1	1	consumed	0	1	b	~	0:1
stop-invert	a	a	consumed	true	invert	none	true	1	1	consumed	0	1	a	~	0:1
stop-invert-virtual	a	a	virtualTokenMatchOnly	true	invert	none	true	0	1	virtualTokenMatchOnly	0	1	a	~	0:1
not-inverts	b	a	consumed	false	not	none	true	1	1	consumed	0	1	b	~	0:1
double-not	a	a	consumed	false	double-not	none	true	1	1	consumed	0	1	a	~	0:1
nested-stop-not	b	a	consumed	false	not-stop-not	none	true	1	1	consumed	0	1	b	~	0:1
raw-crlf	a\r\n😀	a\r\n	consumed	false	none	none	true	3	3	consumed	0	3	a\r\n	~	0:3
rollback-prior-match	ab	x	virtualTokenConsumed	false	none	match-a	false	0	1	~	0	0	~	1	~
sequence	ab	a	consumed	false	sequence	none	true	2	2	consumed	0	1	a	~	0:1;1:2
choice-fallback	b	a	virtualTokenMatchOnly	false	choice	none	true	0	1	virtualTokenMatchOnly	0	1	b	~	0:1
choice-rollback	ab	a	consumed	false	choice-rollback	none	true	2	2	consumed	0	1	a	~	0:1;1:2
