policy	token	code_points	diagnostics	run	peak_extra_live_bytes	elapsed_ns
retained	a	200	Detailed	1	25162	33125
retained	a	200	Detailed	2	25162	32664
retained	a	200	Detailed	3	25162	32614
retained	a	200	Detailed	4	25162	32614
retained	a	200	Detailed	5	25162	32513
retained	a	200	Detailed	6	25162	51641
retained	a	200	Detailed	7	25162	32513
retained	a	200	DetailedOnFailure	1	24994	27053
retained	a	200	DetailedOnFailure	2	24994	28335
retained	a	200	DetailedOnFailure	3	24994	28195
retained	a	200	DetailedOnFailure	4	24994	28325
retained	a	200	DetailedOnFailure	5	24994	32553
retained	a	200	DetailedOnFailure	6	24994	34758
retained	a	200	DetailedOnFailure	7	24994	30088
retained	a	4000	Detailed	1	525114	788998
retained	a	4000	Detailed	2	525114	796111
retained	a	4000	Detailed	3	525114	818745
retained	a	4000	Detailed	4	525114	936114
retained	a	4000	Detailed	5	525114	902258
retained	a	4000	Detailed	6	525114	831470
retained	a	4000	Detailed	7	525114	813816
retained	a	4000	DetailedOnFailure	1	524946	713209
retained	a	4000	DetailedOnFailure	2	524946	786613
retained	a	4000	DetailedOnFailure	3	524946	717067
retained	a	4000	DetailedOnFailure	4	524946	742627
retained	a	4000	DetailedOnFailure	5	524946	750362
retained	a	4000	DetailedOnFailure	6	524946	723810
retained	a	4000	DetailedOnFailure	7	524946	709172
retained	a	32000	Detailed	1	4182922	7194218
retained	a	32000	Detailed	2	4182922	7203556
retained	a	32000	Detailed	3	4182922	7278793
retained	a	32000	Detailed	4	4182922	8528087
retained	a	32000	Detailed	5	4182922	7035569
retained	a	32000	Detailed	6	4182922	7527176
retained	a	32000	Detailed	7	4182922	7278062
retained	a	32000	DetailedOnFailure	1	4182754	6338621
retained	a	32000	DetailedOnFailure	2	4182754	6397285
retained	a	32000	DetailedOnFailure	3	4182754	6325506
retained	a	32000	DetailedOnFailure	4	4182754	6521106
retained	a	32000	DetailedOnFailure	5	4182754	6265158
retained	a	32000	DetailedOnFailure	6	4182754	6377447
retained	a	32000	DetailedOnFailure	7	4182754	6408427
retained	😀	32000	Detailed	1	4182922	7295826
retained	😀	32000	Detailed	2	4182922	7332968
retained	😀	32000	Detailed	3	4182922	7873943
retained	😀	32000	Detailed	4	4182922	7925082
retained	😀	32000	Detailed	5	4182922	7501006
retained	😀	32000	Detailed	6	4182922	9131964
retained	😀	32000	Detailed	7	4182922	7834125
retained	😀	32000	DetailedOnFailure	1	4182754	7239977
retained	😀	32000	DetailedOnFailure	2	4182754	7258384
retained	😀	32000	DetailedOnFailure	3	4182754	7013811
retained	😀	32000	DetailedOnFailure	4	4182754	6896908
retained	😀	32000	DetailedOnFailure	5	4182754	8042406
retained	😀	32000	DetailedOnFailure	6	4182754	10208932
retained	😀	32000	DetailedOnFailure	7	4182754	10200627
evicting	a	200	Detailed	1	25162	38495
evicting	a	200	Detailed	2	25162	39326
evicting	a	200	Detailed	3	25162	32373
evicting	a	200	Detailed	4	25162	30560
evicting	a	200	Detailed	5	25162	32012
evicting	a	200	Detailed	6	25162	33936
evicting	a	200	Detailed	7	25162	31982
evicting	a	200	DetailedOnFailure	1	24994	26402
evicting	a	200	DetailedOnFailure	2	24994	43726
evicting	a	200	DetailedOnFailure	3	24994	50138
evicting	a	200	DetailedOnFailure	4	24994	61440
evicting	a	200	DetailedOnFailure	5	24994	54617
evicting	a	200	DetailedOnFailure	6	24994	54275
evicting	a	200	DetailedOnFailure	7	24994	42734
evicting	a	4000	Detailed	1	183818	901596
evicting	a	4000	Detailed	2	183818	780922
evicting	a	4000	Detailed	3	183818	848073
evicting	a	4000	Detailed	4	183818	888321
evicting	a	4000	Detailed	5	183818	730583
evicting	a	4000	Detailed	6	183818	842271
evicting	a	4000	Detailed	7	183818	890365
evicting	a	4000	DetailedOnFailure	1	183650	1098621
evicting	a	4000	DetailedOnFailure	2	183650	873793
evicting	a	4000	DetailedOnFailure	3	183650	659014
evicting	a	4000	DetailedOnFailure	4	183650	702098
evicting	a	4000	DetailedOnFailure	5	183650	992293
evicting	a	4000	DetailedOnFailure	6	183650	981162
evicting	a	4000	DetailedOnFailure	7	183650	965972
evicting	a	32000	Detailed	1	187402	7296778
evicting	a	32000	Detailed	2	187402	5502823
evicting	a	32000	Detailed	3	187402	5550146
evicting	a	32000	Detailed	4	187402	5640701
evicting	a	32000	Detailed	5	187402	7706235
evicting	a	32000	Detailed	6	187402	7004398
evicting	a	32000	Detailed	7	187402	5450780
evicting	a	32000	DetailedOnFailure	1	187234	5246893
evicting	a	32000	DetailedOnFailure	2	187234	5234580
evicting	a	32000	DetailedOnFailure	3	187234	5013078
evicting	a	32000	DetailedOnFailure	4	187234	4624310
evicting	a	32000	DetailedOnFailure	5	187234	5601876
evicting	a	32000	DetailedOnFailure	6	187234	4566678
evicting	a	32000	DetailedOnFailure	7	187234	5444799
evicting	😀	32000	Detailed	1	187402	5245440
evicting	😀	32000	Detailed	2	187402	5412652
evicting	😀	32000	Detailed	3	187402	5049665
evicting	😀	32000	Detailed	4	187402	5515637
evicting	😀	32000	Detailed	5	187402	6122529
evicting	😀	32000	Detailed	6	187402	6333251
evicting	😀	32000	Detailed	7	187402	6905656
evicting	😀	32000	DetailedOnFailure	1	187234	5156457
evicting	😀	32000	DetailedOnFailure	2	187234	4459339
evicting	😀	32000	DetailedOnFailure	3	187234	4775926
evicting	😀	32000	DetailedOnFailure	4	187234	5386867
evicting	😀	32000	DetailedOnFailure	5	187234	6779791
evicting	😀	32000	DetailedOnFailure	6	187234	6652593
evicting	😀	32000	DetailedOnFailure	7	187234	6657011
