function	SourceFile	6578706f72742066756e6374696f6e2061646428783a206e756d6265722c20793a206e756d626572293a206e756d626572207b2072657475726e2078202b20793b207d	true	67	ACCEPT
unicode-crlf	SourceFile	2f2f20e697a5f09f98800d0a636f6e737420746578743a20737472696e67203d2022e697a5f09f9880223b0d0a	true	35	ACCEPT
types-not-grammar	SourceFile	636f6e7374206e3a206e756d626572203d202278223b	true	22	SEMANTIC
unclosed	SourceFile	66756e6374696f6e20662829207b	false	14	SYNTAX
keyword-boundary	SourceFile	636f6e73746e203d20313b	false	11	SEMANTIC
reserved-name	SourceFile	636f6e73742072657475726e203d20313b	false	17	SYNTAX
asi-unsupported	SourceFile	636f6e7374206e203d2031	false	11	ACCEPT
tsx-unsupported	SourceFile	636f6e7374206e6f6465203d203c646976202f3e3b	false	21	SYNTAX
type	Type	6e756d6265725b5d	true	8	SKIP
expression	Expression	63616c6c2822e697a5f09f98802229	true	10	SKIP
statement	Statement	72657475726e20313b	true	9	SKIP
block	Block	7b206c65742078203d20313b207d	true	14	SKIP
