seed-384383-0-original	SourceFile	2f2f203020f09090800d0a66756e6374696f6e2076616c756528293a206e756d626572207b2072657475726e203133383b207d	true	48	GENERATED
seed-384383-0-remove-close	SourceFile	2f2f203020f09090800d0a66756e6374696f6e2076616c756528293a206e756d626572207b2072657475726e203133383b20	false	47	GENERATED
seed-384383-1-original	SourceFile	2f2f20312065cc810d0a66756e6374696f6e2076616c756528293a206e756d626572207b2072657475726e203232353b207d	true	49	GENERATED
seed-384383-1-remove-close	SourceFile	2f2f20312065cc810d0a66756e6374696f6e2076616c756528293a206e756d626572207b2072657475726e203232353b20	false	48	GENERATED
seed-384383-2-original	SourceFile	2f2f203220e697a5f09f98800d0a66756e6374696f6e2076616c756528293a206e756d626572207b2072657475726e203138303b207d	true	49	GENERATED
seed-384383-2-remove-close	SourceFile	2f2f203220e697a5f09f98800d0a66756e6374696f6e2076616c756528293a206e756d626572207b2072657475726e203138303b20	false	48	GENERATED
seed-384383-3-original	SourceFile	2f2f203320e697a5e69cace8aa9e0d0a66756e6374696f6e2076616c756528293a206e756d626572207b2072657475726e203237353b207d	true	50	GENERATED
seed-384383-3-remove-close	SourceFile	2f2f203320e697a5e69cace8aa9e0d0a66756e6374696f6e2076616c756528293a206e756d626572207b2072657475726e203237353b20	false	49	GENERATED
seed-384383-4-original	SourceFile	2f2f203420f09090800d0a66756e6374696f6e2076616c756528293a206e756d626572207b2072657475726e203232323b207d	true	48	GENERATED
seed-384383-4-remove-close	SourceFile	2f2f203420f09090800d0a66756e6374696f6e2076616c756528293a206e756d626572207b2072657475726e203232323b20	false	47	GENERATED
seed-384383-5-original	SourceFile	2f2f20352065cc810d0a66756e6374696f6e2076616c756528293a206e756d626572207b2072657475726e203338313b207d	true	49	GENERATED
seed-384383-5-remove-close	SourceFile	2f2f20352065cc810d0a66756e6374696f6e2076616c756528293a206e756d626572207b2072657475726e203338313b20	false	48	GENERATED
seed-384383-6-original	SourceFile	2f2f203620e697a5f09f98800d0a66756e6374696f6e2076616c756528293a206e756d626572207b2072657475726e203139323b207d	true	49	GENERATED
seed-384383-6-remove-close	SourceFile	2f2f203620e697a5f09f98800d0a66756e6374696f6e2076616c756528293a206e756d626572207b2072657475726e203139323b20	false	48	GENERATED
seed-384383-7-original	SourceFile	2f2f203720e697a5e69cace8aa9e0d0a66756e6374696f6e2076616c756528293a206e756d626572207b2072657475726e203338333b207d	true	50	GENERATED
seed-384383-7-remove-close	SourceFile	2f2f203720e697a5e69cace8aa9e0d0a66756e6374696f6e2076616c756528293a206e756d626572207b2072657475726e203338333b20	false	49	GENERATED
seed-384383-8-original	SourceFile	2f2f203820f09090800d0a66756e6374696f6e2076616c756528293a206e756d626572207b2072657475726e203233343b207d	true	48	GENERATED
seed-384383-8-remove-close	SourceFile	2f2f203820f09090800d0a66756e6374696f6e2076616c756528293a206e756d626572207b2072657475726e203233343b20	false	47	GENERATED
seed-384383-9-original	SourceFile	2f2f20392065cc810d0a66756e6374696f6e2076616c756528293a206e756d626572207b2072657475726e203931333b207d	true	49	GENERATED
seed-384383-9-remove-close	SourceFile	2f2f20392065cc810d0a66756e6374696f6e2076616c756528293a206e756d626572207b2072657475726e203931333b20	false	48	GENERATED
seed-384383-10-original	SourceFile	2f2f20313020e697a5f09f98800d0a66756e6374696f6e2076616c756528293a206e756d626572207b2072657475726e203634343b207d	true	50	GENERATED
seed-384383-10-remove-close	SourceFile	2f2f20313020e697a5f09f98800d0a66756e6374696f6e2076616c756528293a206e756d626572207b2072657475726e203634343b20	false	49	GENERATED
seed-384383-11-original	SourceFile	2f2f20313120e697a5e69cace8aa9e0d0a66756e6374696f6e2076616c756528293a206e756d626572207b2072657475726e203736333b207d	true	51	GENERATED
seed-384383-11-remove-close	SourceFile	2f2f20313120e697a5e69cace8aa9e0d0a66756e6374696f6e2076616c756528293a206e756d626572207b2072657475726e203736333b20	false	50	GENERATED
seed-384383-12-original	SourceFile	2f2f20313220f09090800d0a66756e6374696f6e2076616c756528293a206e756d626572207b2072657475726e2032323b207d	true	48	GENERATED
seed-384383-12-remove-close	SourceFile	2f2f20313220f09090800d0a66756e6374696f6e2076616c756528293a206e756d626572207b2072657475726e2032323b20	false	47	GENERATED
seed-384383-13-original	SourceFile	2f2f2031332065cc810d0a66756e6374696f6e2076616c756528293a206e756d626572207b2072657475726e203133333b207d	true	50	GENERATED
seed-384383-13-remove-close	SourceFile	2f2f2031332065cc810d0a66756e6374696f6e2076616c756528293a206e756d626572207b2072657475726e203133333b20	false	49	GENERATED
seed-384383-14-original	SourceFile	2f2f20313420e697a5f09f98800d0a66756e6374696f6e2076616c756528293a206e756d626572207b2072657475726e203937363b207d	true	50	GENERATED
seed-384383-14-remove-close	SourceFile	2f2f20313420e697a5f09f98800d0a66756e6374696f6e2076616c756528293a206e756d626572207b2072657475726e203937363b20	false	49	GENERATED
seed-384383-15-original	SourceFile	2f2f20313520e697a5e69cace8aa9e0d0a66756e6374696f6e2076616c756528293a206e756d626572207b2072657475726e203135313b207d	true	51	GENERATED
seed-384383-15-remove-close	SourceFile	2f2f20313520e697a5e69cace8aa9e0d0a66756e6374696f6e2076616c756528293a206e756d626572207b2072657475726e203135313b20	false	50	GENERATED
seed-384383-16-original	SourceFile	2f2f20313620f09090800d0a66756e6374696f6e2076616c756528293a206e756d626572207b2072657475726e203637343b207d	true	49	GENERATED
seed-384383-16-remove-close	SourceFile	2f2f20313620f09090800d0a66756e6374696f6e2076616c756528293a206e756d626572207b2072657475726e203637343b20	false	48	GENERATED
seed-384383-17-original	SourceFile	2f2f2031372065cc810d0a66756e6374696f6e2076616c756528293a206e756d626572207b2072657475726e203631373b207d	true	50	GENERATED
seed-384383-17-remove-close	SourceFile	2f2f2031372065cc810d0a66756e6374696f6e2076616c756528293a206e756d626572207b2072657475726e203631373b20	false	49	GENERATED
seed-384383-18-original	SourceFile	2f2f20313820e697a5f09f98800d0a66756e6374696f6e2076616c756528293a206e756d626572207b2072657475726e2032303b207d	true	49	GENERATED
seed-384383-18-remove-close	SourceFile	2f2f20313820e697a5f09f98800d0a66756e6374696f6e2076616c756528293a206e756d626572207b2072657475726e2032303b20	false	48	GENERATED
seed-384383-19-original	SourceFile	2f2f20313920e697a5e69cace8aa9e0d0a66756e6374696f6e2076616c756528293a206e756d626572207b2072657475726e203634333b207d	true	51	GENERATED
seed-384383-19-remove-close	SourceFile	2f2f20313920e697a5e69cace8aa9e0d0a66756e6374696f6e2076616c756528293a206e756d626572207b2072657475726e203634333b20	false	50	GENERATED
seed-384383-20-original	SourceFile	2f2f20323020f09090800d0a66756e6374696f6e2076616c756528293a206e756d626572207b2072657475726e203536363b207d	true	49	GENERATED
seed-384383-20-remove-close	SourceFile	2f2f20323020f09090800d0a66756e6374696f6e2076616c756528293a206e756d626572207b2072657475726e203536363b20	false	48	GENERATED
seed-384383-21-original	SourceFile	2f2f2032312065cc810d0a66756e6374696f6e2076616c756528293a206e756d626572207b2072657475726e203734393b207d	true	50	GENERATED
seed-384383-21-remove-close	SourceFile	2f2f2032312065cc810d0a66756e6374696f6e2076616c756528293a206e756d626572207b2072657475726e203734393b20	false	49	GENERATED
seed-384383-22-original	SourceFile	2f2f20323220e697a5f09f98800d0a66756e6374696f6e2076616c756528293a206e756d626572207b2072657475726e203230303b207d	true	50	GENERATED
seed-384383-22-remove-close	SourceFile	2f2f20323220e697a5f09f98800d0a66756e6374696f6e2076616c756528293a206e756d626572207b2072657475726e203230303b20	false	49	GENERATED
seed-384383-23-original	SourceFile	2f2f20323320e697a5e69cace8aa9e0d0a66756e6374696f6e2076616c756528293a206e756d626572207b2072657475726e203139313b207d	true	51	GENERATED
seed-384383-23-remove-close	SourceFile	2f2f20323320e697a5e69cace8aa9e0d0a66756e6374696f6e2076616c756528293a206e756d626572207b2072657475726e203139313b20	false	50	GENERATED
seed-384383-24-original	SourceFile	2f2f20323420f09090800d0a66756e6374696f6e2076616c756528293a206e756d626572207b2072657475726e203533303b207d	true	49	GENERATED
seed-384383-24-remove-close	SourceFile	2f2f20323420f09090800d0a66756e6374696f6e2076616c756528293a206e756d626572207b2072657475726e203533303b20	false	48	GENERATED
seed-384383-25-original	SourceFile	2f2f2032352065cc810d0a66756e6374696f6e2076616c756528293a206e756d626572207b2072657475726e203836353b207d	true	50	GENERATED
seed-384383-25-remove-close	SourceFile	2f2f2032352065cc810d0a66756e6374696f6e2076616c756528293a206e756d626572207b2072657475726e203836353b20	false	49	GENERATED
seed-384383-26-original	SourceFile	2f2f20323620e697a5f09f98800d0a66756e6374696f6e2076616c756528293a206e756d626572207b2072657475726e203334303b207d	true	50	GENERATED
seed-384383-26-remove-close	SourceFile	2f2f20323620e697a5f09f98800d0a66756e6374696f6e2076616c756528293a206e756d626572207b2072657475726e203334303b20	false	49	GENERATED
seed-384383-27-original	SourceFile	2f2f20323720e697a5e69cace8aa9e0d0a66756e6374696f6e2076616c756528293a206e756d626572207b2072657475726e203833353b207d	true	51	GENERATED
seed-384383-27-remove-close	SourceFile	2f2f20323720e697a5e69cace8aa9e0d0a66756e6374696f6e2076616c756528293a206e756d626572207b2072657475726e203833353b20	false	50	GENERATED
seed-384383-28-original	SourceFile	2f2f20323820f09090800d0a66756e6374696f6e2076616c756528293a206e756d626572207b2072657475726e203235343b207d	true	49	GENERATED
seed-384383-28-remove-close	SourceFile	2f2f20323820f09090800d0a66756e6374696f6e2076616c756528293a206e756d626572207b2072657475726e203235343b20	false	48	GENERATED
seed-384383-29-original	SourceFile	2f2f2032392065cc810d0a66756e6374696f6e2076616c756528293a206e756d626572207b2072657475726e203538313b207d	true	50	GENERATED
seed-384383-29-remove-close	SourceFile	2f2f2032392065cc810d0a66756e6374696f6e2076616c756528293a206e756d626572207b2072657475726e203538313b20	false	49	GENERATED
seed-384383-30-original	SourceFile	2f2f20333020e697a5f09f98800d0a66756e6374696f6e2076616c756528293a206e756d626572207b2072657475726e203333363b207d	true	50	GENERATED
seed-384383-30-remove-close	SourceFile	2f2f20333020e697a5f09f98800d0a66756e6374696f6e2076616c756528293a206e756d626572207b2072657475726e203333363b20	false	49	GENERATED
seed-384383-31-original	SourceFile	2f2f20333120e697a5e69cace8aa9e0d0a66756e6374696f6e2076616c756528293a206e756d626572207b2072657475726e203936373b207d	true	51	GENERATED
seed-384383-31-remove-close	SourceFile	2f2f20333120e697a5e69cace8aa9e0d0a66756e6374696f6e2076616c756528293a206e756d626572207b2072657475726e203936373b20	false	50	GENERATED
depth-1	Expression	283129	true	3	SKIP
depth-8	Expression	2828282828282828312929292929292929	true	17	SKIP
depth-32	Expression	2828282828282828282828282828282828282828282828282828282828282828312929292929292929292929292929292929292929292929292929292929292929	true	65	SKIP
depth-64	Expression	282828282828282828282828282828282828282828282828282828282828282828282828282828282828282828282828282828282828282828282828282828283129292929292929292929292929292929292929292929292929292929292929292929292929292929292929292929292929292929292929292929292929292929	true	129	SKIP
