function	Crate	70756220666e2061646428783a206933322c20793a2069333229202d3e20693332207b2078202b2079207d	true	43	ACCEPT
unicode-crlf	Crate	2f2f20e697a5f09f98800d0a666e20662829207b206c65742074657874203d2022e697a5f09f9880223b207d0d0a	true	36	ACCEPT
types-not-grammar	Crate	666e20662829207b206c657420783a20693332203d202278223b207d	true	28	SEMANTIC
unclosed	Crate	666e20662829207b	false	8	SYNTAX
keyword-boundary	Crate	666e662829207b7d	false	8	SYNTAX
reserved-name	Crate	666e2072657475726e2829207b7d	false	14	SYNTAX
macro-unsupported	Crate	666e20662829207b207072696e746c6e212822e697a5f09f988022293b207d	false	26	ACCEPT
edition-unsupported	Crate	6173796e6320666e20662829207b7d	false	15	ACCEPT
type	Type	693332	true	3	SKIP
expression	Expression	63616c6c2822e697a5f09f98802229	true	10	SKIP
statement	Statement	6c6574206d75742076616c75653a20693332203d20313b	true	23	SKIP
block	Block	7b206c65742078203d20313b2078207d	true	16	SKIP
other-reserved	Crate	666e206d617463682829207b7d	false	13	SYNTAX
