seed-384383-0-original	Crate	2f2f203020f09090800d0a666e2076616c75652829202d3e20693332207b20373836207d	true	33	GENERATED
seed-384383-0-remove-close	Crate	2f2f203020f09090800d0a666e2076616c75652829202d3e20693332207b2037383620	false	32	GENERATED
seed-384383-1-original	Crate	2f2f20312065cc810d0a666e2076616c75652829202d3e20693332207b20373533207d	true	34	GENERATED
seed-384383-1-remove-close	Crate	2f2f20312065cc810d0a666e2076616c75652829202d3e20693332207b2037353320	false	33	GENERATED
seed-384383-2-original	Crate	2f2f203220e697a5f09f98800d0a666e2076616c75652829202d3e20693332207b20333536207d	true	34	GENERATED
seed-384383-2-remove-close	Crate	2f2f203220e697a5f09f98800d0a666e2076616c75652829202d3e20693332207b2033353620	false	33	GENERATED
seed-384383-3-original	Crate	2f2f203320e697a5e69cace8aa9e0d0a666e2076616c75652829202d3e20693332207b20383539207d	true	35	GENERATED
seed-384383-3-remove-close	Crate	2f2f203320e697a5e69cace8aa9e0d0a666e2076616c75652829202d3e20693332207b2038353920	false	34	GENERATED
seed-384383-4-original	Crate	2f2f203420f09090800d0a666e2076616c75652829202d3e20693332207b20333130207d	true	33	GENERATED
seed-384383-4-remove-close	Crate	2f2f203420f09090800d0a666e2076616c75652829202d3e20693332207b2033313020	false	32	GENERATED
seed-384383-5-original	Crate	2f2f20352065cc810d0a666e2076616c75652829202d3e20693332207b20393333207d	true	34	GENERATED
seed-384383-5-remove-close	Crate	2f2f20352065cc810d0a666e2076616c75652829202d3e20693332207b2039333320	false	33	GENERATED
seed-384383-6-original	Crate	2f2f203620e697a5f09f98800d0a666e2076616c75652829202d3e20693332207b20333932207d	true	34	GENERATED
seed-384383-6-remove-close	Crate	2f2f203620e697a5f09f98800d0a666e2076616c75652829202d3e20693332207b2033393220	false	33	GENERATED
seed-384383-7-original	Crate	2f2f203720e697a5e69cace8aa9e0d0a666e2076616c75652829202d3e20693332207b20353033207d	true	35	GENERATED
seed-384383-7-remove-close	Crate	2f2f203720e697a5e69cace8aa9e0d0a666e2076616c75652829202d3e20693332207b2035303320	false	34	GENERATED
seed-384383-8-original	Crate	2f2f203820f09090800d0a666e2076616c75652829202d3e20693332207b20393730207d	true	33	GENERATED
seed-384383-8-remove-close	Crate	2f2f203820f09090800d0a666e2076616c75652829202d3e20693332207b2039373020	false	32	GENERATED
seed-384383-9-original	Crate	2f2f20392065cc810d0a666e2076616c75652829202d3e20693332207b20383937207d	true	34	GENERATED
seed-384383-9-remove-close	Crate	2f2f20392065cc810d0a666e2076616c75652829202d3e20693332207b2038393720	false	33	GENERATED
seed-384383-10-original	Crate	2f2f20313020e697a5f09f98800d0a666e2076616c75652829202d3e20693332207b20333732207d	true	35	GENERATED
seed-384383-10-remove-close	Crate	2f2f20313020e697a5f09f98800d0a666e2076616c75652829202d3e20693332207b2033373220	false	34	GENERATED
seed-384383-11-original	Crate	2f2f20313120e697a5e69cace8aa9e0d0a666e2076616c75652829202d3e20693332207b20393037207d	true	36	GENERATED
seed-384383-11-remove-close	Crate	2f2f20313120e697a5e69cace8aa9e0d0a666e2076616c75652829202d3e20693332207b2039303720	false	35	GENERATED
seed-384383-12-original	Crate	2f2f20313220f09090800d0a666e2076616c75652829202d3e20693332207b20323632207d	true	34	GENERATED
seed-384383-12-remove-close	Crate	2f2f20313220f09090800d0a666e2076616c75652829202d3e20693332207b2032363220	false	33	GENERATED
seed-384383-13-original	Crate	2f2f2031332065cc810d0a666e2076616c75652829202d3e20693332207b20323737207d	true	35	GENERATED
seed-384383-13-remove-close	Crate	2f2f2031332065cc810d0a666e2076616c75652829202d3e20693332207b2032373720	false	34	GENERATED
seed-384383-14-original	Crate	2f2f20313420e697a5f09f98800d0a666e2076616c75652829202d3e20693332207b20313532207d	true	35	GENERATED
seed-384383-14-remove-close	Crate	2f2f20313420e697a5f09f98800d0a666e2076616c75652829202d3e20693332207b2031353220	false	34	GENERATED
seed-384383-15-original	Crate	2f2f20313520e697a5e69cace8aa9e0d0a666e2076616c75652829202d3e20693332207b20393531207d	true	36	GENERATED
seed-384383-15-remove-close	Crate	2f2f20313520e697a5e69cace8aa9e0d0a666e2076616c75652829202d3e20693332207b2039353120	false	35	GENERATED
seed-384383-16-original	Crate	2f2f20313620f09090800d0a666e2076616c75652829202d3e20693332207b20393738207d	true	34	GENERATED
seed-384383-16-remove-close	Crate	2f2f20313620f09090800d0a666e2076616c75652829202d3e20693332207b2039373820	false	33	GENERATED
seed-384383-17-original	Crate	2f2f2031372065cc810d0a666e2076616c75652829202d3e20693332207b203431207d	true	34	GENERATED
seed-384383-17-remove-close	Crate	2f2f2031372065cc810d0a666e2076616c75652829202d3e20693332207b20343120	false	33	GENERATED
seed-384383-18-original	Crate	2f2f20313820e697a5f09f98800d0a666e2076616c75652829202d3e20693332207b20333536207d	true	35	GENERATED
seed-384383-18-remove-close	Crate	2f2f20313820e697a5f09f98800d0a666e2076616c75652829202d3e20693332207b2033353620	false	34	GENERATED
seed-384383-19-original	Crate	2f2f20313920e697a5e69cace8aa9e0d0a666e2076616c75652829202d3e20693332207b20313437207d	true	36	GENERATED
seed-384383-19-remove-close	Crate	2f2f20313920e697a5e69cace8aa9e0d0a666e2076616c75652829202d3e20693332207b2031343720	false	35	GENERATED
seed-384383-20-original	Crate	2f2f20323020f09090800d0a666e2076616c75652829202d3e20693332207b20373138207d	true	34	GENERATED
seed-384383-20-remove-close	Crate	2f2f20323020f09090800d0a666e2076616c75652829202d3e20693332207b2037313820	false	33	GENERATED
seed-384383-21-original	Crate	2f2f2032312065cc810d0a666e2076616c75652829202d3e20693332207b20333439207d	true	35	GENERATED
seed-384383-21-remove-close	Crate	2f2f2032312065cc810d0a666e2076616c75652829202d3e20693332207b2033343920	false	34	GENERATED
seed-384383-22-original	Crate	2f2f20323220e697a5f09f98800d0a666e2076616c75652829202d3e20693332207b20333238207d	true	35	GENERATED
seed-384383-22-remove-close	Crate	2f2f20323220e697a5f09f98800d0a666e2076616c75652829202d3e20693332207b2033323820	false	34	GENERATED
seed-384383-23-original	Crate	2f2f20323320e697a5e69cace8aa9e0d0a666e2076616c75652829202d3e20693332207b20393131207d	true	36	GENERATED
seed-384383-23-remove-close	Crate	2f2f20323320e697a5e69cace8aa9e0d0a666e2076616c75652829202d3e20693332207b2039313120	false	35	GENERATED
seed-384383-24-original	Crate	2f2f20323420f09090800d0a666e2076616c75652829202d3e20693332207b20313934207d	true	34	GENERATED
seed-384383-24-remove-close	Crate	2f2f20323420f09090800d0a666e2076616c75652829202d3e20693332207b2031393420	false	33	GENERATED
seed-384383-25-original	Crate	2f2f2032352065cc810d0a666e2076616c75652829202d3e20693332207b20323137207d	true	35	GENERATED
seed-384383-25-remove-close	Crate	2f2f2032352065cc810d0a666e2076616c75652829202d3e20693332207b2032313720	false	34	GENERATED
seed-384383-26-original	Crate	2f2f20323620e697a5f09f98800d0a666e2076616c75652829202d3e20693332207b20333332207d	true	35	GENERATED
seed-384383-26-remove-close	Crate	2f2f20323620e697a5f09f98800d0a666e2076616c75652829202d3e20693332207b2033333220	false	34	GENERATED
seed-384383-27-original	Crate	2f2f20323720e697a5e69cace8aa9e0d0a666e2076616c75652829202d3e20693332207b2033207d	true	34	GENERATED
seed-384383-27-remove-close	Crate	2f2f20323720e697a5e69cace8aa9e0d0a666e2076616c75652829202d3e20693332207b203320	false	33	GENERATED
seed-384383-28-original	Crate	2f2f20323820f09090800d0a666e2076616c75652829202d3e20693332207b20373734207d	true	34	GENERATED
seed-384383-28-remove-close	Crate	2f2f20323820f09090800d0a666e2076616c75652829202d3e20693332207b2037373420	false	33	GENERATED
seed-384383-29-original	Crate	2f2f2032392065cc810d0a666e2076616c75652829202d3e20693332207b20383639207d	true	35	GENERATED
seed-384383-29-remove-close	Crate	2f2f2032392065cc810d0a666e2076616c75652829202d3e20693332207b2038363920	false	34	GENERATED
seed-384383-30-original	Crate	2f2f20333020e697a5f09f98800d0a666e2076616c75652829202d3e20693332207b20373238207d	true	35	GENERATED
seed-384383-30-remove-close	Crate	2f2f20333020e697a5f09f98800d0a666e2076616c75652829202d3e20693332207b2037323820	false	34	GENERATED
seed-384383-31-original	Crate	2f2f20333120e697a5e69cace8aa9e0d0a666e2076616c75652829202d3e20693332207b20323037207d	true	36	GENERATED
seed-384383-31-remove-close	Crate	2f2f20333120e697a5e69cace8aa9e0d0a666e2076616c75652829202d3e20693332207b2032303720	false	35	GENERATED
depth-1	Expression	283129	true	3	SKIP
depth-8	Expression	2828282828282828312929292929292929	true	17	SKIP
depth-32	Expression	2828282828282828282828282828282828282828282828282828282828282828312929292929292929292929292929292929292929292929292929292929292929	true	65	SKIP
depth-64	Expression	282828282828282828282828282828282828282828282828282828282828282828282828282828282828282828282828282828282828282828282828282828283129292929292929292929292929292929292929292929292929292929292929292929292929292929292929292929292929292929292929292929292929292929	true	129	SKIP
