builtins.ubnf	passed	-
custom.ubnf	passed	-
same-id-aliases.ubnf	passed	-
unknown.ubnf	blocked	P-ADAPTER-UNKNOWN
version.ubnf	blocked	P-ADAPTER-VERSION
zero-version.ubnf	blocked	P-ADAPTER-DEFINITION
duplicate-custom.ubnf	blocked	P-ADAPTER-DUPLICATE
duplicate-builtin.ubnf	blocked	P-ADAPTER-DUPLICATE
missing-binding.ubnf	blocked	P-ADAPTER-DEFINITION
unknown-field.ubnf	blocked	P-ADAPTER-DEFINITION
duplicate-field.ubnf	blocked	P-ADAPTER-DEFINITION
java-injection.ubnf	blocked	P-ADAPTER-DEFINITION
rust-injection.ubnf	blocked	P-ADAPTER-DEFINITION
custom-version.ubnf	blocked	P-ADAPTER-VERSION
rust-underscore.ubnf	blocked	P-ADAPTER-DEFINITION
overflow-version.ubnf	blocked	P-ADAPTER-DEFINITION
multiple-versions.ubnf	passed	-
custom-repeat.ubnf	failed	P-STRUCTURE
custom-memo.ubnf	failed	P-STRUCTURE
builtin-memo.ubnf	passed	-
adapter-name-collision.ubnf	failed	P-STRUCTURE
adapter-short-name-collision.ubnf	failed	P-STRUCTURE
adapter-short-name-reversed.ubnf	failed	P-STRUCTURE
bindings.ubnf	passed	-
bindings-duplicate.ubnf	blocked	P-ADAPTER-DEFINITION,P-ADAPTER-UNKNOWN
bindings-unknown.ubnf	blocked	P-ADAPTER-DEFINITION,P-ADAPTER-UNKNOWN
