# language	step	entry	start_cp	end_cp	replacement_utf8	expected_utf8	accepted	cp_length	utf16_length	eof_line	eof_character	rejected_history	query_state	kind
java	1	CompilationUnit	0	0	636c6173732043207b20537472696e672073203d2022e697a5f09f9880223b20696e7420663028297b2072657475726e20313b207d207d	636c6173732043207b20537472696e672073203d2022e697a5f09f9880223b20696e7420663028297b2072657475726e20313b207d207d	true	50	51	0	51	1	UNSUPPORTED	insert-document
java	2	CompilationUnit	9	9	0d0a	636c6173732043207b0d0a20537472696e672073203d2022e697a5f09f9880223b20696e7420663028297b2072657475726e20313b207d207d	true	52	53	1	42	2	UNSUPPORTED	insert-crlf
java	3	CompilationUnit	51	52	-	636c6173732043207b0d0a20537472696e672073203d2022e697a5f09f9880223b20696e7420663028297b2072657475726e20313b207d20	false	51	52	1	41	3	UNSUPPORTED	remove-close
java	4	CompilationUnit	24	26	e5908df09fa680	636c6173732043207b0d0a20537472696e672073203d2022e5908df09fa680223b20696e7420663028297b2072657475726e20313b207d20	false	51	52	1	41	4	UNSUPPORTED	replace-unicode
java	5	CompilationUnit	51	51	7d	636c6173732043207b0d0a20537472696e672073203d2022e5908df09fa680223b20696e7420663028297b2072657475726e20313b207d207d	true	52	53	1	42	5	UNSUPPORTED	restore-close
java	6	CompilationUnit	46	47	3239	636c6173732043207b0d0a20537472696e672073203d2022e5908df09fa680223b20696e7420663028297b2072657475726e2032393b207d207d	true	53	54	1	43	6	UNSUPPORTED	replace-number
java	7	CompilationUnit	9	11	0a	636c6173732043207b0a20537472696e672073203d2022e5908df09fa680223b20696e7420663028297b2072657475726e2032393b207d207d	true	52	53	1	43	7	UNSUPPORTED	crlf-to-lf
java	8	CompilationUnit	52	52	20	636c6173732043207b0a20537472696e672073203d2022e5908df09fa680223b20696e7420663028297b2072657475726e2032393b207d207d20	true	53	54	1	44	8	UNSUPPORTED	append-trivia
java	9	CompilationUnit	32	34	6631	636c6173732043207b0a20537472696e672073203d2022e5908df09fa680223b20696e7420663128297b2072657475726e2032393b207d207d20	true	53	54	1	44	9	UNSUPPORTED	rename-function
java	10	CompilationUnit	9	9	0d0a	636c6173732043207b0d0a0a20537472696e672073203d2022e5908df09fa680223b20696e7420663128297b2072657475726e2032393b207d207d20	true	55	56	2	44	10	UNSUPPORTED	insert-crlf
java	11	CompilationUnit	53	54	-	636c6173732043207b0d0a0a20537472696e672073203d2022e5908df09fa680223b20696e7420663128297b2072657475726e2032393b207d2020	false	54	55	2	43	11	UNSUPPORTED	remove-close
java	12	CompilationUnit	25	27	e697a5f09f9880	636c6173732043207b0d0a0a20537472696e672073203d2022e697a5f09f9880223b20696e7420663128297b2072657475726e2032393b207d2020	false	54	55	2	43	12	UNSUPPORTED	replace-unicode
java	13	CompilationUnit	54	54	7d	636c6173732043207b0d0a0a20537472696e672073203d2022e697a5f09f9880223b20696e7420663128297b2072657475726e2032393b207d20207d	true	55	56	2	44	13	UNSUPPORTED	restore-close
java	14	CompilationUnit	47	49	343635	636c6173732043207b0d0a0a20537472696e672073203d2022e697a5f09f9880223b20696e7420663128297b2072657475726e203436353b207d20207d	true	56	57	2	45	14	UNSUPPORTED	replace-number
java	15	CompilationUnit	9	11	0a	636c6173732043207b0a0a20537472696e672073203d2022e697a5f09f9880223b20696e7420663128297b2072657475726e203436353b207d20207d	true	55	56	2	45	15	UNSUPPORTED	crlf-to-lf
java	16	CompilationUnit	55	55	20	636c6173732043207b0a0a20537472696e672073203d2022e697a5f09f9880223b20696e7420663128297b2072657475726e203436353b207d20207d20	true	56	57	2	46	16	UNSUPPORTED	append-trivia
java	17	CompilationUnit	33	35	6632	636c6173732043207b0a0a20537472696e672073203d2022e697a5f09f9880223b20696e7420663228297b2072657475726e203436353b207d20207d20	true	56	57	2	46	17	UNSUPPORTED	rename-function
java	18	CompilationUnit	9	9	0d0a	636c6173732043207b0d0a0a0a20537472696e672073203d2022e697a5f09f9880223b20696e7420663228297b2072657475726e203436353b207d20207d20	true	58	59	3	46	18	UNSUPPORTED	insert-crlf
java	19	CompilationUnit	56	57	-	636c6173732043207b0d0a0a0a20537472696e672073203d2022e697a5f09f9880223b20696e7420663228297b2072657475726e203436353b207d202020	false	57	58	3	45	19	UNSUPPORTED	remove-close
java	20	CompilationUnit	26	28	e5908df09fa680	636c6173732043207b0d0a0a0a20537472696e672073203d2022e5908df09fa680223b20696e7420663228297b2072657475726e203436353b207d202020	false	57	58	3	45	20	UNSUPPORTED	replace-unicode
java	21	CompilationUnit	57	57	7d	636c6173732043207b0d0a0a0a20537472696e672073203d2022e5908df09fa680223b20696e7420663228297b2072657475726e203436353b207d2020207d	true	58	59	3	46	21	UNSUPPORTED	restore-close
java	22	CompilationUnit	48	51	393934	636c6173732043207b0d0a0a0a20537472696e672073203d2022e5908df09fa680223b20696e7420663228297b2072657475726e203939343b207d2020207d	true	58	59	3	46	22	UNSUPPORTED	replace-number
java	23	CompilationUnit	9	11	0a	636c6173732043207b0a0a0a20537472696e672073203d2022e5908df09fa680223b20696e7420663228297b2072657475726e203939343b207d2020207d	true	57	58	3	46	23	UNSUPPORTED	crlf-to-lf
java	24	CompilationUnit	57	57	20	636c6173732043207b0a0a0a20537472696e672073203d2022e5908df09fa680223b20696e7420663228297b2072657475726e203939343b207d2020207d20	true	58	59	3	47	24	UNSUPPORTED	append-trivia
java	25	CompilationUnit	34	36	6633	636c6173732043207b0a0a0a20537472696e672073203d2022e5908df09fa680223b20696e7420663328297b2072657475726e203939343b207d2020207d20	true	58	59	3	47	25	UNSUPPORTED	rename-function
java	26	CompilationUnit	9	9	0d0a	636c6173732043207b0d0a0a0a0a20537472696e672073203d2022e5908df09fa680223b20696e7420663328297b2072657475726e203939343b207d2020207d20	true	60	61	4	47	26	UNSUPPORTED	insert-crlf
java	27	CompilationUnit	58	59	-	636c6173732043207b0d0a0a0a0a20537472696e672073203d2022e5908df09fa680223b20696e7420663328297b2072657475726e203939343b207d20202020	false	59	60	4	46	27	UNSUPPORTED	remove-close
java	28	CompilationUnit	27	29	e697a5f09f9880	636c6173732043207b0d0a0a0a0a20537472696e672073203d2022e697a5f09f9880223b20696e7420663328297b2072657475726e203939343b207d20202020	false	59	60	4	46	28	UNSUPPORTED	replace-unicode
java	29	CompilationUnit	59	59	7d	636c6173732043207b0d0a0a0a0a20537472696e672073203d2022e697a5f09f9880223b20696e7420663328297b2072657475726e203939343b207d202020207d	true	60	61	4	47	29	UNSUPPORTED	restore-close
java	30	CompilationUnit	49	52	3334	636c6173732043207b0d0a0a0a0a20537472696e672073203d2022e697a5f09f9880223b20696e7420663328297b2072657475726e2033343b207d202020207d	true	59	60	4	46	30	UNSUPPORTED	replace-number
java	31	CompilationUnit	9	11	0a	636c6173732043207b0a0a0a0a20537472696e672073203d2022e697a5f09f9880223b20696e7420663328297b2072657475726e2033343b207d202020207d	true	58	59	4	46	31	UNSUPPORTED	crlf-to-lf
java	32	CompilationUnit	58	58	20	636c6173732043207b0a0a0a0a20537472696e672073203d2022e697a5f09f9880223b20696e7420663328297b2072657475726e2033343b207d202020207d20	true	59	60	4	47	32	UNSUPPORTED	append-trivia
java	33	CompilationUnit	35	37	6634	636c6173732043207b0a0a0a0a20537472696e672073203d2022e697a5f09f9880223b20696e7420663428297b2072657475726e2033343b207d202020207d20	true	59	60	4	47	33	UNSUPPORTED	rename-function
java	34	CompilationUnit	9	9	0d0a	636c6173732043207b0d0a0a0a0a0a20537472696e672073203d2022e697a5f09f9880223b20696e7420663428297b2072657475726e2033343b207d202020207d20	true	61	62	5	47	34	UNSUPPORTED	insert-crlf
java	35	CompilationUnit	59	60	-	636c6173732043207b0d0a0a0a0a0a20537472696e672073203d2022e697a5f09f9880223b20696e7420663428297b2072657475726e2033343b207d2020202020	false	60	61	5	46	35	UNSUPPORTED	remove-close
java	36	CompilationUnit	28	30	e5908df09fa680	636c6173732043207b0d0a0a0a0a0a20537472696e672073203d2022e5908df09fa680223b20696e7420663428297b2072657475726e2033343b207d2020202020	false	60	61	5	46	36	UNSUPPORTED	replace-unicode
java	37	CompilationUnit	60	60	7d	636c6173732043207b0d0a0a0a0a0a20537472696e672073203d2022e5908df09fa680223b20696e7420663428297b2072657475726e2033343b207d20202020207d	true	61	62	5	47	37	UNSUPPORTED	restore-close
java	38	CompilationUnit	50	52	323135	636c6173732043207b0d0a0a0a0a0a20537472696e672073203d2022e5908df09fa680223b20696e7420663428297b2072657475726e203231353b207d20202020207d	true	62	63	5	48	38	UNSUPPORTED	replace-number
java	39	CompilationUnit	9	11	0a	636c6173732043207b0a0a0a0a0a20537472696e672073203d2022e5908df09fa680223b20696e7420663428297b2072657475726e203231353b207d20202020207d	true	61	62	5	48	39	UNSUPPORTED	crlf-to-lf
java	40	CompilationUnit	61	61	20	636c6173732043207b0a0a0a0a0a20537472696e672073203d2022e5908df09fa680223b20696e7420663428297b2072657475726e203231353b207d20202020207d20	true	62	63	5	49	40	UNSUPPORTED	append-trivia
java	41	CompilationUnit	36	38	6635	636c6173732043207b0a0a0a0a0a20537472696e672073203d2022e5908df09fa680223b20696e7420663528297b2072657475726e203231353b207d20202020207d20	true	62	63	5	49	41	UNSUPPORTED	rename-function
java	42	CompilationUnit	9	9	0d0a	636c6173732043207b0d0a0a0a0a0a0a20537472696e672073203d2022e5908df09fa680223b20696e7420663528297b2072657475726e203231353b207d20202020207d20	true	64	65	6	49	42	UNSUPPORTED	insert-crlf
java	43	CompilationUnit	62	63	-	636c6173732043207b0d0a0a0a0a0a0a20537472696e672073203d2022e5908df09fa680223b20696e7420663528297b2072657475726e203231353b207d202020202020	false	63	64	6	48	43	UNSUPPORTED	remove-close
java	44	CompilationUnit	29	31	e697a5f09f9880	636c6173732043207b0d0a0a0a0a0a0a20537472696e672073203d2022e697a5f09f9880223b20696e7420663528297b2072657475726e203231353b207d202020202020	false	63	64	6	48	44	UNSUPPORTED	replace-unicode
java	45	CompilationUnit	63	63	7d	636c6173732043207b0d0a0a0a0a0a0a20537472696e672073203d2022e697a5f09f9880223b20696e7420663528297b2072657475726e203231353b207d2020202020207d	true	64	65	6	49	45	UNSUPPORTED	restore-close
java	46	CompilationUnit	51	54	323731	636c6173732043207b0d0a0a0a0a0a0a20537472696e672073203d2022e697a5f09f9880223b20696e7420663528297b2072657475726e203237313b207d2020202020207d	true	64	65	6	49	46	UNSUPPORTED	replace-number
java	47	CompilationUnit	9	11	0a	636c6173732043207b0a0a0a0a0a0a20537472696e672073203d2022e697a5f09f9880223b20696e7420663528297b2072657475726e203237313b207d2020202020207d	true	63	64	6	49	47	UNSUPPORTED	crlf-to-lf
java	48	CompilationUnit	63	63	20	636c6173732043207b0a0a0a0a0a0a20537472696e672073203d2022e697a5f09f9880223b20696e7420663528297b2072657475726e203237313b207d2020202020207d20	true	64	65	6	50	48	UNSUPPORTED	append-trivia
typescript	1	SourceFile	0	0	66756e6374696f6e20663028293a6e756d626572207b206c657420733a737472696e67203d2022e697a5f09f9880223b2072657475726e20313b207d	66756e6374696f6e20663028293a6e756d626572207b206c657420733a737472696e67203d2022e697a5f09f9880223b2072657475726e20313b207d	true	55	56	0	56	1	UNSUPPORTED	insert-document
typescript	2	SourceFile	22	22	0d0a	66756e6374696f6e20663028293a6e756d626572207b0d0a206c657420733a737472696e67203d2022e697a5f09f9880223b2072657475726e20313b207d	true	57	58	1	34	2	UNSUPPORTED	insert-crlf
typescript	3	SourceFile	56	57	-	66756e6374696f6e20663028293a6e756d626572207b0d0a206c657420733a737472696e67203d2022e697a5f09f9880223b2072657475726e20313b20	false	56	57	1	33	3	UNSUPPORTED	remove-close
typescript	4	SourceFile	41	43	e5908df09fa680	66756e6374696f6e20663028293a6e756d626572207b0d0a206c657420733a737472696e67203d2022e5908df09fa680223b2072657475726e20313b20	false	56	57	1	33	4	UNSUPPORTED	replace-unicode
typescript	5	SourceFile	56	56	7d	66756e6374696f6e20663028293a6e756d626572207b0d0a206c657420733a737472696e67203d2022e5908df09fa680223b2072657475726e20313b207d	true	57	58	1	34	5	UNSUPPORTED	restore-close
typescript	6	SourceFile	53	54	3239	66756e6374696f6e20663028293a6e756d626572207b0d0a206c657420733a737472696e67203d2022e5908df09fa680223b2072657475726e2032393b207d	true	58	59	1	35	6	UNSUPPORTED	replace-number
typescript	7	SourceFile	22	24	0a	66756e6374696f6e20663028293a6e756d626572207b0a206c657420733a737472696e67203d2022e5908df09fa680223b2072657475726e2032393b207d	true	57	58	1	35	7	UNSUPPORTED	crlf-to-lf
typescript	8	SourceFile	57	57	20	66756e6374696f6e20663028293a6e756d626572207b0a206c657420733a737472696e67203d2022e5908df09fa680223b2072657475726e2032393b207d20	true	58	59	1	36	8	UNSUPPORTED	append-trivia
typescript	9	SourceFile	9	11	6631	66756e6374696f6e20663128293a6e756d626572207b0a206c657420733a737472696e67203d2022e5908df09fa680223b2072657475726e2032393b207d20	true	58	59	1	36	9	UNSUPPORTED	rename-function
typescript	10	SourceFile	22	22	0d0a	66756e6374696f6e20663128293a6e756d626572207b0d0a0a206c657420733a737472696e67203d2022e5908df09fa680223b2072657475726e2032393b207d20	true	60	61	2	36	10	UNSUPPORTED	insert-crlf
typescript	11	SourceFile	58	59	-	66756e6374696f6e20663128293a6e756d626572207b0d0a0a206c657420733a737472696e67203d2022e5908df09fa680223b2072657475726e2032393b2020	false	59	60	2	35	11	UNSUPPORTED	remove-close
typescript	12	SourceFile	42	44	e697a5f09f9880	66756e6374696f6e20663128293a6e756d626572207b0d0a0a206c657420733a737472696e67203d2022e697a5f09f9880223b2072657475726e2032393b2020	false	59	60	2	35	12	UNSUPPORTED	replace-unicode
typescript	13	SourceFile	59	59	7d	66756e6374696f6e20663128293a6e756d626572207b0d0a0a206c657420733a737472696e67203d2022e697a5f09f9880223b2072657475726e2032393b20207d	true	60	61	2	36	13	UNSUPPORTED	restore-close
typescript	14	SourceFile	54	56	343635	66756e6374696f6e20663128293a6e756d626572207b0d0a0a206c657420733a737472696e67203d2022e697a5f09f9880223b2072657475726e203436353b20207d	true	61	62	2	37	14	UNSUPPORTED	replace-number
typescript	15	SourceFile	22	24	0a	66756e6374696f6e20663128293a6e756d626572207b0a0a206c657420733a737472696e67203d2022e697a5f09f9880223b2072657475726e203436353b20207d	true	60	61	2	37	15	UNSUPPORTED	crlf-to-lf
typescript	16	SourceFile	60	60	20	66756e6374696f6e20663128293a6e756d626572207b0a0a206c657420733a737472696e67203d2022e697a5f09f9880223b2072657475726e203436353b20207d20	true	61	62	2	38	16	UNSUPPORTED	append-trivia
typescript	17	SourceFile	9	11	6632	66756e6374696f6e20663228293a6e756d626572207b0a0a206c657420733a737472696e67203d2022e697a5f09f9880223b2072657475726e203436353b20207d20	true	61	62	2	38	17	UNSUPPORTED	rename-function
typescript	18	SourceFile	22	22	0d0a	66756e6374696f6e20663228293a6e756d626572207b0d0a0a0a206c657420733a737472696e67203d2022e697a5f09f9880223b2072657475726e203436353b20207d20	true	63	64	3	38	18	UNSUPPORTED	insert-crlf
typescript	19	SourceFile	61	62	-	66756e6374696f6e20663228293a6e756d626572207b0d0a0a0a206c657420733a737472696e67203d2022e697a5f09f9880223b2072657475726e203436353b202020	false	62	63	3	37	19	UNSUPPORTED	remove-close
typescript	20	SourceFile	43	45	e5908df09fa680	66756e6374696f6e20663228293a6e756d626572207b0d0a0a0a206c657420733a737472696e67203d2022e5908df09fa680223b2072657475726e203436353b202020	false	62	63	3	37	20	UNSUPPORTED	replace-unicode
typescript	21	SourceFile	62	62	7d	66756e6374696f6e20663228293a6e756d626572207b0d0a0a0a206c657420733a737472696e67203d2022e5908df09fa680223b2072657475726e203436353b2020207d	true	63	64	3	38	21	UNSUPPORTED	restore-close
typescript	22	SourceFile	55	58	393934	66756e6374696f6e20663228293a6e756d626572207b0d0a0a0a206c657420733a737472696e67203d2022e5908df09fa680223b2072657475726e203939343b2020207d	true	63	64	3	38	22	UNSUPPORTED	replace-number
typescript	23	SourceFile	22	24	0a	66756e6374696f6e20663228293a6e756d626572207b0a0a0a206c657420733a737472696e67203d2022e5908df09fa680223b2072657475726e203939343b2020207d	true	62	63	3	38	23	UNSUPPORTED	crlf-to-lf
typescript	24	SourceFile	62	62	20	66756e6374696f6e20663228293a6e756d626572207b0a0a0a206c657420733a737472696e67203d2022e5908df09fa680223b2072657475726e203939343b2020207d20	true	63	64	3	39	24	UNSUPPORTED	append-trivia
typescript	25	SourceFile	9	11	6633	66756e6374696f6e20663328293a6e756d626572207b0a0a0a206c657420733a737472696e67203d2022e5908df09fa680223b2072657475726e203939343b2020207d20	true	63	64	3	39	25	UNSUPPORTED	rename-function
typescript	26	SourceFile	22	22	0d0a	66756e6374696f6e20663328293a6e756d626572207b0d0a0a0a0a206c657420733a737472696e67203d2022e5908df09fa680223b2072657475726e203939343b2020207d20	true	65	66	4	39	26	UNSUPPORTED	insert-crlf
typescript	27	SourceFile	63	64	-	66756e6374696f6e20663328293a6e756d626572207b0d0a0a0a0a206c657420733a737472696e67203d2022e5908df09fa680223b2072657475726e203939343b20202020	false	64	65	4	38	27	UNSUPPORTED	remove-close
typescript	28	SourceFile	44	46	e697a5f09f9880	66756e6374696f6e20663328293a6e756d626572207b0d0a0a0a0a206c657420733a737472696e67203d2022e697a5f09f9880223b2072657475726e203939343b20202020	false	64	65	4	38	28	UNSUPPORTED	replace-unicode
typescript	29	SourceFile	64	64	7d	66756e6374696f6e20663328293a6e756d626572207b0d0a0a0a0a206c657420733a737472696e67203d2022e697a5f09f9880223b2072657475726e203939343b202020207d	true	65	66	4	39	29	UNSUPPORTED	restore-close
typescript	30	SourceFile	56	59	3334	66756e6374696f6e20663328293a6e756d626572207b0d0a0a0a0a206c657420733a737472696e67203d2022e697a5f09f9880223b2072657475726e2033343b202020207d	true	64	65	4	38	30	UNSUPPORTED	replace-number
typescript	31	SourceFile	22	24	0a	66756e6374696f6e20663328293a6e756d626572207b0a0a0a0a206c657420733a737472696e67203d2022e697a5f09f9880223b2072657475726e2033343b202020207d	true	63	64	4	38	31	UNSUPPORTED	crlf-to-lf
typescript	32	SourceFile	63	63	20	66756e6374696f6e20663328293a6e756d626572207b0a0a0a0a206c657420733a737472696e67203d2022e697a5f09f9880223b2072657475726e2033343b202020207d20	true	64	65	4	39	32	UNSUPPORTED	append-trivia
typescript	33	SourceFile	9	11	6634	66756e6374696f6e20663428293a6e756d626572207b0a0a0a0a206c657420733a737472696e67203d2022e697a5f09f9880223b2072657475726e2033343b202020207d20	true	64	65	4	39	33	UNSUPPORTED	rename-function
typescript	34	SourceFile	22	22	0d0a	66756e6374696f6e20663428293a6e756d626572207b0d0a0a0a0a0a206c657420733a737472696e67203d2022e697a5f09f9880223b2072657475726e2033343b202020207d20	true	66	67	5	39	34	UNSUPPORTED	insert-crlf
typescript	35	SourceFile	64	65	-	66756e6374696f6e20663428293a6e756d626572207b0d0a0a0a0a0a206c657420733a737472696e67203d2022e697a5f09f9880223b2072657475726e2033343b2020202020	false	65	66	5	38	35	UNSUPPORTED	remove-close
typescript	36	SourceFile	45	47	e5908df09fa680	66756e6374696f6e20663428293a6e756d626572207b0d0a0a0a0a0a206c657420733a737472696e67203d2022e5908df09fa680223b2072657475726e2033343b2020202020	false	65	66	5	38	36	UNSUPPORTED	replace-unicode
typescript	37	SourceFile	65	65	7d	66756e6374696f6e20663428293a6e756d626572207b0d0a0a0a0a0a206c657420733a737472696e67203d2022e5908df09fa680223b2072657475726e2033343b20202020207d	true	66	67	5	39	37	UNSUPPORTED	restore-close
typescript	38	SourceFile	57	59	323135	66756e6374696f6e20663428293a6e756d626572207b0d0a0a0a0a0a206c657420733a737472696e67203d2022e5908df09fa680223b2072657475726e203231353b20202020207d	true	67	68	5	40	38	UNSUPPORTED	replace-number
typescript	39	SourceFile	22	24	0a	66756e6374696f6e20663428293a6e756d626572207b0a0a0a0a0a206c657420733a737472696e67203d2022e5908df09fa680223b2072657475726e203231353b20202020207d	true	66	67	5	40	39	UNSUPPORTED	crlf-to-lf
typescript	40	SourceFile	66	66	20	66756e6374696f6e20663428293a6e756d626572207b0a0a0a0a0a206c657420733a737472696e67203d2022e5908df09fa680223b2072657475726e203231353b20202020207d20	true	67	68	5	41	40	UNSUPPORTED	append-trivia
typescript	41	SourceFile	9	11	6635	66756e6374696f6e20663528293a6e756d626572207b0a0a0a0a0a206c657420733a737472696e67203d2022e5908df09fa680223b2072657475726e203231353b20202020207d20	true	67	68	5	41	41	UNSUPPORTED	rename-function
typescript	42	SourceFile	22	22	0d0a	66756e6374696f6e20663528293a6e756d626572207b0d0a0a0a0a0a0a206c657420733a737472696e67203d2022e5908df09fa680223b2072657475726e203231353b20202020207d20	true	69	70	6	41	42	UNSUPPORTED	insert-crlf
typescript	43	SourceFile	67	68	-	66756e6374696f6e20663528293a6e756d626572207b0d0a0a0a0a0a0a206c657420733a737472696e67203d2022e5908df09fa680223b2072657475726e203231353b202020202020	false	68	69	6	40	43	UNSUPPORTED	remove-close
typescript	44	SourceFile	46	48	e697a5f09f9880	66756e6374696f6e20663528293a6e756d626572207b0d0a0a0a0a0a0a206c657420733a737472696e67203d2022e697a5f09f9880223b2072657475726e203231353b202020202020	false	68	69	6	40	44	UNSUPPORTED	replace-unicode
typescript	45	SourceFile	68	68	7d	66756e6374696f6e20663528293a6e756d626572207b0d0a0a0a0a0a0a206c657420733a737472696e67203d2022e697a5f09f9880223b2072657475726e203231353b2020202020207d	true	69	70	6	41	45	UNSUPPORTED	restore-close
typescript	46	SourceFile	58	61	323731	66756e6374696f6e20663528293a6e756d626572207b0d0a0a0a0a0a0a206c657420733a737472696e67203d2022e697a5f09f9880223b2072657475726e203237313b2020202020207d	true	69	70	6	41	46	UNSUPPORTED	replace-number
typescript	47	SourceFile	22	24	0a	66756e6374696f6e20663528293a6e756d626572207b0a0a0a0a0a0a206c657420733a737472696e67203d2022e697a5f09f9880223b2072657475726e203237313b2020202020207d	true	68	69	6	41	47	UNSUPPORTED	crlf-to-lf
typescript	48	SourceFile	68	68	20	66756e6374696f6e20663528293a6e756d626572207b0a0a0a0a0a0a206c657420733a737472696e67203d2022e697a5f09f9880223b2072657475726e203237313b2020202020207d20	true	69	70	6	42	48	UNSUPPORTED	append-trivia
rust	1	Crate	0	0	666e20663028292d3e693332207b206c65742073203d2022e697a5f09f9880223b2031207d	666e20663028292d3e693332207b206c65742073203d2022e697a5f09f9880223b2031207d	true	32	33	0	33	1	UNSUPPORTED	insert-document
rust	2	Crate	14	14	0d0a	666e20663028292d3e693332207b0d0a206c65742073203d2022e697a5f09f9880223b2031207d	true	34	35	1	19	2	UNSUPPORTED	insert-crlf
rust	3	Crate	33	34	-	666e20663028292d3e693332207b0d0a206c65742073203d2022e697a5f09f9880223b203120	false	33	34	1	18	3	UNSUPPORTED	remove-close
rust	4	Crate	26	28	e5908df09fa680	666e20663028292d3e693332207b0d0a206c65742073203d2022e5908df09fa680223b203120	false	33	34	1	18	4	UNSUPPORTED	replace-unicode
rust	5	Crate	33	33	7d	666e20663028292d3e693332207b0d0a206c65742073203d2022e5908df09fa680223b2031207d	true	34	35	1	19	5	UNSUPPORTED	restore-close
rust	6	Crate	31	32	3239	666e20663028292d3e693332207b0d0a206c65742073203d2022e5908df09fa680223b203239207d	true	35	36	1	20	6	UNSUPPORTED	replace-number
rust	7	Crate	14	16	0a	666e20663028292d3e693332207b0a206c65742073203d2022e5908df09fa680223b203239207d	true	34	35	1	20	7	UNSUPPORTED	crlf-to-lf
rust	8	Crate	34	34	20	666e20663028292d3e693332207b0a206c65742073203d2022e5908df09fa680223b203239207d20	true	35	36	1	21	8	UNSUPPORTED	append-trivia
rust	9	Crate	3	5	6631	666e20663128292d3e693332207b0a206c65742073203d2022e5908df09fa680223b203239207d20	true	35	36	1	21	9	UNSUPPORTED	rename-function
rust	10	Crate	14	14	0d0a	666e20663128292d3e693332207b0d0a0a206c65742073203d2022e5908df09fa680223b203239207d20	true	37	38	2	21	10	UNSUPPORTED	insert-crlf
rust	11	Crate	35	36	-	666e20663128292d3e693332207b0d0a0a206c65742073203d2022e5908df09fa680223b2032392020	false	36	37	2	20	11	UNSUPPORTED	remove-close
rust	12	Crate	27	29	e697a5f09f9880	666e20663128292d3e693332207b0d0a0a206c65742073203d2022e697a5f09f9880223b2032392020	false	36	37	2	20	12	UNSUPPORTED	replace-unicode
rust	13	Crate	36	36	7d	666e20663128292d3e693332207b0d0a0a206c65742073203d2022e697a5f09f9880223b20323920207d	true	37	38	2	21	13	UNSUPPORTED	restore-close
rust	14	Crate	32	34	343635	666e20663128292d3e693332207b0d0a0a206c65742073203d2022e697a5f09f9880223b2034363520207d	true	38	39	2	22	14	UNSUPPORTED	replace-number
rust	15	Crate	14	16	0a	666e20663128292d3e693332207b0a0a206c65742073203d2022e697a5f09f9880223b2034363520207d	true	37	38	2	22	15	UNSUPPORTED	crlf-to-lf
rust	16	Crate	37	37	20	666e20663128292d3e693332207b0a0a206c65742073203d2022e697a5f09f9880223b2034363520207d20	true	38	39	2	23	16	UNSUPPORTED	append-trivia
rust	17	Crate	3	5	6632	666e20663228292d3e693332207b0a0a206c65742073203d2022e697a5f09f9880223b2034363520207d20	true	38	39	2	23	17	UNSUPPORTED	rename-function
rust	18	Crate	14	14	0d0a	666e20663228292d3e693332207b0d0a0a0a206c65742073203d2022e697a5f09f9880223b2034363520207d20	true	40	41	3	23	18	UNSUPPORTED	insert-crlf
rust	19	Crate	38	39	-	666e20663228292d3e693332207b0d0a0a0a206c65742073203d2022e697a5f09f9880223b20343635202020	false	39	40	3	22	19	UNSUPPORTED	remove-close
rust	20	Crate	28	30	e5908df09fa680	666e20663228292d3e693332207b0d0a0a0a206c65742073203d2022e5908df09fa680223b20343635202020	false	39	40	3	22	20	UNSUPPORTED	replace-unicode
rust	21	Crate	39	39	7d	666e20663228292d3e693332207b0d0a0a0a206c65742073203d2022e5908df09fa680223b203436352020207d	true	40	41	3	23	21	UNSUPPORTED	restore-close
rust	22	Crate	33	36	393934	666e20663228292d3e693332207b0d0a0a0a206c65742073203d2022e5908df09fa680223b203939342020207d	true	40	41	3	23	22	UNSUPPORTED	replace-number
rust	23	Crate	14	16	0a	666e20663228292d3e693332207b0a0a0a206c65742073203d2022e5908df09fa680223b203939342020207d	true	39	40	3	23	23	UNSUPPORTED	crlf-to-lf
rust	24	Crate	39	39	20	666e20663228292d3e693332207b0a0a0a206c65742073203d2022e5908df09fa680223b203939342020207d20	true	40	41	3	24	24	UNSUPPORTED	append-trivia
rust	25	Crate	3	5	6633	666e20663328292d3e693332207b0a0a0a206c65742073203d2022e5908df09fa680223b203939342020207d20	true	40	41	3	24	25	UNSUPPORTED	rename-function
rust	26	Crate	14	14	0d0a	666e20663328292d3e693332207b0d0a0a0a0a206c65742073203d2022e5908df09fa680223b203939342020207d20	true	42	43	4	24	26	UNSUPPORTED	insert-crlf
rust	27	Crate	40	41	-	666e20663328292d3e693332207b0d0a0a0a0a206c65742073203d2022e5908df09fa680223b2039393420202020	false	41	42	4	23	27	UNSUPPORTED	remove-close
rust	28	Crate	29	31	e697a5f09f9880	666e20663328292d3e693332207b0d0a0a0a0a206c65742073203d2022e697a5f09f9880223b2039393420202020	false	41	42	4	23	28	UNSUPPORTED	replace-unicode
rust	29	Crate	41	41	7d	666e20663328292d3e693332207b0d0a0a0a0a206c65742073203d2022e697a5f09f9880223b20393934202020207d	true	42	43	4	24	29	UNSUPPORTED	restore-close
rust	30	Crate	34	37	3334	666e20663328292d3e693332207b0d0a0a0a0a206c65742073203d2022e697a5f09f9880223b203334202020207d	true	41	42	4	23	30	UNSUPPORTED	replace-number
rust	31	Crate	14	16	0a	666e20663328292d3e693332207b0a0a0a0a206c65742073203d2022e697a5f09f9880223b203334202020207d	true	40	41	4	23	31	UNSUPPORTED	crlf-to-lf
rust	32	Crate	40	40	20	666e20663328292d3e693332207b0a0a0a0a206c65742073203d2022e697a5f09f9880223b203334202020207d20	true	41	42	4	24	32	UNSUPPORTED	append-trivia
rust	33	Crate	3	5	6634	666e20663428292d3e693332207b0a0a0a0a206c65742073203d2022e697a5f09f9880223b203334202020207d20	true	41	42	4	24	33	UNSUPPORTED	rename-function
rust	34	Crate	14	14	0d0a	666e20663428292d3e693332207b0d0a0a0a0a0a206c65742073203d2022e697a5f09f9880223b203334202020207d20	true	43	44	5	24	34	UNSUPPORTED	insert-crlf
rust	35	Crate	41	42	-	666e20663428292d3e693332207b0d0a0a0a0a0a206c65742073203d2022e697a5f09f9880223b2033342020202020	false	42	43	5	23	35	UNSUPPORTED	remove-close
rust	36	Crate	30	32	e5908df09fa680	666e20663428292d3e693332207b0d0a0a0a0a0a206c65742073203d2022e5908df09fa680223b2033342020202020	false	42	43	5	23	36	UNSUPPORTED	replace-unicode
rust	37	Crate	42	42	7d	666e20663428292d3e693332207b0d0a0a0a0a0a206c65742073203d2022e5908df09fa680223b20333420202020207d	true	43	44	5	24	37	UNSUPPORTED	restore-close
rust	38	Crate	35	37	323135	666e20663428292d3e693332207b0d0a0a0a0a0a206c65742073203d2022e5908df09fa680223b2032313520202020207d	true	44	45	5	25	38	UNSUPPORTED	replace-number
rust	39	Crate	14	16	0a	666e20663428292d3e693332207b0a0a0a0a0a206c65742073203d2022e5908df09fa680223b2032313520202020207d	true	43	44	5	25	39	UNSUPPORTED	crlf-to-lf
rust	40	Crate	43	43	20	666e20663428292d3e693332207b0a0a0a0a0a206c65742073203d2022e5908df09fa680223b2032313520202020207d20	true	44	45	5	26	40	UNSUPPORTED	append-trivia
rust	41	Crate	3	5	6635	666e20663528292d3e693332207b0a0a0a0a0a206c65742073203d2022e5908df09fa680223b2032313520202020207d20	true	44	45	5	26	41	UNSUPPORTED	rename-function
rust	42	Crate	14	14	0d0a	666e20663528292d3e693332207b0d0a0a0a0a0a0a206c65742073203d2022e5908df09fa680223b2032313520202020207d20	true	46	47	6	26	42	UNSUPPORTED	insert-crlf
rust	43	Crate	44	45	-	666e20663528292d3e693332207b0d0a0a0a0a0a0a206c65742073203d2022e5908df09fa680223b20323135202020202020	false	45	46	6	25	43	UNSUPPORTED	remove-close
rust	44	Crate	31	33	e697a5f09f9880	666e20663528292d3e693332207b0d0a0a0a0a0a0a206c65742073203d2022e697a5f09f9880223b20323135202020202020	false	45	46	6	25	44	UNSUPPORTED	replace-unicode
rust	45	Crate	45	45	7d	666e20663528292d3e693332207b0d0a0a0a0a0a0a206c65742073203d2022e697a5f09f9880223b203231352020202020207d	true	46	47	6	26	45	UNSUPPORTED	restore-close
rust	46	Crate	36	39	323731	666e20663528292d3e693332207b0d0a0a0a0a0a0a206c65742073203d2022e697a5f09f9880223b203237312020202020207d	true	46	47	6	26	46	UNSUPPORTED	replace-number
rust	47	Crate	14	16	0a	666e20663528292d3e693332207b0a0a0a0a0a0a206c65742073203d2022e697a5f09f9880223b203237312020202020207d	true	45	46	6	26	47	UNSUPPORTED	crlf-to-lf
rust	48	Crate	45	45	20	666e20663528292d3e693332207b0a0a0a0a0a0a206c65742073203d2022e697a5f09f9880223b203237312020202020207d20	true	46	47	6	27	48	UNSUPPORTED	append-trivia
