# id	source	startLine	startCharacter	endLine	endCharacter	completionLine	completionCharacter	completionAllowed
non-bmp-tail	<😀😀>?	0	6	0	7	0	6	true
non-bmp-error-scalar	<😀😀>😀	0	6	0	8	0	6	true
crlf-tail	<a\r\n😀>?	1	3	1	4	1	3	true
cr-tail	<a\r😀>?	1	3	1	4	1	3	true
lf-tail	<a\n😀>?	1	3	1	4	1	3	true
missing-at-eof	<>	0	2	0	2	0	2	true
ascii-tail	<a>?	0	3	0	4	0	3	true
empty	~	0	0	0	0	0	0	true
valid-non-bmp	<😀>!	-1	-1	-1	-1	0	3	true
surrogate-middle	<😀>!	-1	-1	-1	-1	0	2	false
beyond-line	<a>!	-1	-1	-1	-1	0	5	false
beyond-crlf-line	<a\r\n😀>!	-1	-1	-1	-1	0	3	false
next-crlf-line	<a\r\n😀>!	-1	-1	-1	-1	1	2	true
missing-line	<a>!	-1	-1	-1	-1	1	0	false
cr-only-line	<a\r😀>!	-1	-1	-1	-1	1	2	true
EOF-boundary	<😀>!	-1	-1	-1	-1	0	5	true
EOF-outside	<😀>!	-1	-1	-1	-1	0	6	false
EOF-surrogate	<😀>😀	0	4	0	6	0	5	false
