host	case	mode	source_cp	iterations	nanoseconds_per_parse	allocated_bytes_per_parse	terminal_evaluations	trivia_evaluations	retained_entries	peak_requested_bytes
java	short	DIRECT	4	100	340266	50193	8	8	0	NA
java	short	TRIVIA_CACHE	4	100	143188	50005	8	4	5	NA
java	short	TOKENS_LAZY	4	100	120047	49643	16	4	4	NA
java	short	TOKENS_EAGER	4	100	68936	49371	16	4	4	NA
java	dense	DIRECT	400	10	1699274	1920640	602	899	0	NA
java	dense	TRIVIA_CACHE	400	10	2415136	1945358	602	400	401	NA
java	dense	TOKENS_LAZY	400	10	2834280	2000952	1600	400	400	NA
java	dense	TOKENS_EAGER	400	10	2520436	2001292	1600	400	400	NA
java	comments	DIRECT	40400	5	3810201	3299705	602	1799	0	NA
java	comments	TRIVIA_CACHE	40400	5	3647333	3351072	602	1099	501	NA
java	comments	TOKENS_LAZY	40400	5	2066559	3446800	1600	1000	1000	NA
java	comments	TOKENS_EAGER	40400	5	1863238	3446800	1600	1000	1000	NA
rust	short	Direct	4	100	1714	3810	8	8	0	1960
rust	short	TriviaCache	4	100	2119	4046	8	4	5	2112
rust	short	TokensLazy	4	100	1927	4618	16	4	4	2768
rust	short	TokensEager	4	100	1794	4618	16	4	4	2768
rust	dense	Direct	400	10	86753	243398	602	899	0	71552
rust	dense	TriviaCache	400	10	97370	260866	602	400	401	80272
rust	dense	TokensLazy	400	10	153401	297590	1600	400	400	125744
rust	dense	TokensEager	400	10	129207	297590	1600	400	400	125744
rust	comments	Direct	40400	5	414663	1723398	602	1799	0	1063794
rust	comments	TriviaCache	40400	5	442289	1758290	602	1099	501	1081218
rust	comments	TokensLazy	40400	5	270611	1860638	1600	1000	1000	1201034
rust	comments	TokensEager	40400	5	276547	1860638	1600	1000	1000	1201034
