java-source	java	Java21	CompilationUnit	CompilationUnit	0.1.0	2f2fe697a5f09f98800d0a7061636b61676520703b20636c617373204d61696e207b7d	COMPLETE	0	35	3	33
java-block	java	Java21	CompilationUnit	Block	0.1.0	7b0d0a2f2fe697a5f09f98800d0a7d	COMPLETE	0	15	3	13
java-invalid	java	Java21	CompilationUnit	CompilationUnit	0.1.0	2f2fe697a5f09f98800d0a7061636b61676520703b20636c617373204d61696e207b	FAILED	0	34	3	32
java-wrong-version	java	Java21	CompilationUnit	CompilationUnit	0.2.0	2f2fe697a5f09f98800d0a7061636b61676520703b20636c617373204d61696e207b7d	UNAVAILABLE	0	35	3	33
java-missing-entry	java	Java21	CompilationUnit	Missing	0.1.0	2f2fe697a5f09f98800d0a7061636b61676520703b20636c617373204d61696e207b7d	UNAVAILABLE	0	35	3	33
typescript-source	typescript	TypeScript59	SourceFile	SourceFile	0.1.0	2f2fe697a5f09f98800d0a66756e6374696f6e2076616c756528293a206e756d626572207b2072657475726e20313b207d	COMPLETE	0	49	3	47
typescript-block	typescript	TypeScript59	SourceFile	Block	0.1.0	7b0d0a2f2fe697a5f09f98800d0a7d	COMPLETE	0	15	3	13
typescript-invalid	typescript	TypeScript59	SourceFile	SourceFile	0.1.0	2f2fe697a5f09f98800d0a66756e6374696f6e2076616c756528293a206e756d626572207b2072657475726e20313b20	FAILED	0	48	3	46
typescript-wrong-version	typescript	TypeScript59	SourceFile	SourceFile	0.2.0	2f2fe697a5f09f98800d0a66756e6374696f6e2076616c756528293a206e756d626572207b2072657475726e20313b207d	UNAVAILABLE	0	49	3	47
typescript-missing-entry	typescript	TypeScript59	SourceFile	Missing	0.1.0	2f2fe697a5f09f98800d0a66756e6374696f6e2076616c756528293a206e756d626572207b2072657475726e20313b207d	UNAVAILABLE	0	49	3	47
rust-source	rust	Rust185	Crate	Crate	0.1.0	2f2fe697a5f09f98800d0a666e2076616c75652829202d3e20693332207b2031207d	COMPLETE	0	34	3	32
rust-block	rust	Rust185	Crate	Block	0.1.0	7b0d0a2f2fe697a5f09f98800d0a7d	COMPLETE	0	15	3	13
rust-invalid	rust	Rust185	Crate	Crate	0.1.0	2f2fe697a5f09f98800d0a666e2076616c75652829202d3e20693332207b203120	FAILED	0	33	3	31
rust-wrong-version	rust	Rust185	Crate	Crate	0.2.0	2f2fe697a5f09f98800d0a666e2076616c75652829202d3e20693332207b2031207d	UNAVAILABLE	0	34	3	32
rust-missing-entry	rust	Rust185	Crate	Missing	0.1.0	2f2fe697a5f09f98800d0a666e2076616c75652829202d3e20693332207b2031207d	UNAVAILABLE	0	34	3	32
