response	response-ok.wire	true
response	response-diagnostic.wire	true
response	response-wrong-version.wire	false
response	response-wrong-identity.wire	false
response	response-wrong-context.wire	false
response	response-wrong-echo.wire	false
response	response-unknown-row.wire	false
response	response-duplicate-capability.wire	false
response	response-stale-location.wire	false
response	response-unknown-document.wire	false
response	response-out-of-bounds.wire	false
response	response-reversed-span.wire	false
response	response-negative-span.wire	false
response	response-wrong-item.wire	false
response	response-invalid-utf8.wire	false
response	response-diagnostics-with-ok.wire	false
response	response-diagnostics-without-content.wire	false
response	response-failed-with-item.wire	false
response	response-no-newline.wire	false
response	response-extra-trailing.wire	false
request	request-valid.wire	true
request	request-unknown.wire	false
request	request-duplicate-config.wire	false
request	request-negative-version.wire	false
request	request-too-large-version.wire	false
request	request-invalid-boolean.wire	false
request	request-bad-cursor.wire	false
request	request-invalid-utf8.wire	false
request	request-project-collision.wire	false
response	response-multiple-origins.wire	true
response	response-unknown-origin.wire	false
