closed	all	😀F{T[package p; import q; class C {}]T}F	FormulaInfo:COMPLETE:0:40:0:40,TinyExpression:COMPLETE:1:40:3:38,Java:COMPLETE:3:38:5:36
remove-parent-close	all	😀F{T[package p; import q; class C {}]T	FormulaInfo:PARTIAL:0:38:0:38,TinyExpression:COMPLETE:1:38:3:38,Java:COMPLETE:3:38:5:36
remove-child-close	all	😀F{T[package p; import q; class C {}}F	FormulaInfo:COMPLETE:0:38:0:38,TinyExpression:PARTIAL:1:38:3:36,Java:COMPLETE:3:36:5:36
remove-both-closes	all	😀F{T[package p; import q; class C {}	FormulaInfo:PARTIAL:0:36:0:36,TinyExpression:PARTIAL:1:36:3:36,Java:COMPLETE:3:36:5:36
restore-closes	all	😀F{T[package p; import q; class C {}]T}F	FormulaInfo:COMPLETE:0:40:0:40,TinyExpression:COMPLETE:1:40:3:38,Java:COMPLETE:3:38:5:36
add-block	all	😀F{T[package p; import q; class C {}]T}FF{T[bad]T}F	FormulaInfo:COMPLETE:0:51:0:51,TinyExpression:COMPLETE:1:40:3:38,Java:COMPLETE:3:38:5:36,TinyExpression:COMPLETE:40:51:42:49,Java:FAILED:42:49:44:47
move-block	all	😀F{T[bad]T}FF{T[package p; import q; class C {}]T}F	FormulaInfo:COMPLETE:0:51:0:51,TinyExpression:COMPLETE:1:12:3:10,Java:FAILED:3:10:5:8,TinyExpression:COMPLETE:12:51:14:49,Java:COMPLETE:14:49:16:47
remove-blocks	all	😀	FormulaInfo:COMPLETE:0:1:0:1
incomplete-opening	all	😀F	FormulaInfo:FAILED:0:2:0:2
empty-original-body	all	😀F{	FormulaInfo:PARTIAL:0:3:0:3,TinyExpression:FAILED:1:3:3:3
completion-budget	limit	😀F{T[package p; import q; class C {}	FormulaInfo:FAILED:0:36:0:36
missing-provider	missing	😀F{T[package p; import q; class C {}	FormulaInfo:PARTIAL:0:36:0:36,TinyExpression:PARTIAL:1:36:3:36,Java:UNAVAILABLE:3:36:5:36
EOF-child-syntax	all	😀F{T[package p; import q; class C {	FormulaInfo:PARTIAL:0:35:0:35,TinyExpression:PARTIAL:1:35:3:35,Java:FAILED:3:35:5:35
EOF-host-syntax	all	?	FormulaInfo:FAILED:0:1:0:1
EOF-missing-parent-only	all	😀F{T[bad]T	FormulaInfo:PARTIAL:0:10:0:10,TinyExpression:COMPLETE:1:10:3:10,Java:FAILED:3:10:5:8
EOF-sibling-independent	all	😀F{T[bad]T}FF{T[package p; import q; class C {}	FormulaInfo:PARTIAL:0:47:0:47,TinyExpression:COMPLETE:1:12:3:10,Java:FAILED:3:10:5:8,TinyExpression:PARTIAL:12:47:14:47,Java:COMPLETE:14:47:16:47
EOF-restore-all	all	😀F{T[package p; import q; class C {}]T}F	FormulaInfo:COMPLETE:0:40:0:40,TinyExpression:COMPLETE:1:40:3:38,Java:COMPLETE:3:38:5:36
EOF-invalid-middle	all	😀?F{T[package p; import q; class C {}	FormulaInfo:FAILED:0:37:0:37
EOF-synthetic-opening	all	😀	FormulaInfo:COMPLETE:0:1:0:1
EOF-child-provider-failed	all	😀F{T[bad	FormulaInfo:PARTIAL:0:8:0:8,TinyExpression:PARTIAL:1:8:3:8,Java:FAILED:3:8:5:8
EOF-empty	all		FormulaInfo:FAILED:0:0:0:0
EOF-closed-after-failure	all	😀F{T[package p; import q; class C {}]T}F	FormulaInfo:COMPLETE:0:40:0:40,TinyExpression:COMPLETE:1:40:3:38,Java:COMPLETE:3:38:5:36
synthetic-body-refused	synthetic	😀F{	FormulaInfo:PARTIAL:0:3:0:3
