closed	40	NONE	-	UNSUPPORTED
remove-parent-close	38	TinyExpression	root,root/0	PARTIAL
remove-child-close	36	FormulaInfo	root/0/0	PARTIAL
remove-both-closes	36	Java	root,root/0,root/0/0	PARTIAL
restore-closes	40	NONE	-	UNSUPPORTED
empty-original-body	3	TinyExpression	root,root/0	PARTIAL
missing-provider	36	Java	root,root/0,root/0/0	UNAVAILABLE
EOF-child-syntax	35	Java	root,root/0,root/0/0	PARTIAL
EOF-host-syntax	1	NONE	-	UNSUPPORTED
EOF-sibling-independent	47	Java	root,root/1,root/1/0	PARTIAL
EOF-child-provider-failed	8	Java	root,root/0,root/0/0	PARTIAL
EOF-empty	0	NONE	-	UNSUPPORTED
synthetic-body-refused	3	FormulaInfo	root	PARTIAL
EOF-closed-after-failure	40	NONE	-	UNSUPPORTED
EOF-missing-parent-only	10	TinyExpression	root,root/0	PARTIAL
EOF-synthetic-opening	1	NONE	-	UNSUPPORTED
EOF-invalid-middle	37	NONE	-	UNSUPPORTED
EOF-restore-all	40	NONE	-	UNSUPPORTED
EOF-closed-after-failure	36	TinyExpression	-	PARTIAL
EOF-closed-after-failure	38	FormulaInfo	-	PARTIAL
EOF-closed-after-failure	39	FormulaInfo	-	PARTIAL
EOF-closed-after-failure	3	TinyExpression	-	PARTIAL
EOF-closed-after-failure	5	Java	-	PARTIAL
EOF-closed-after-failure	0	FormulaInfo	-	PARTIAL
EOF-closed-after-failure	1	FormulaInfo	-	PARTIAL
EOF-closed-after-failure	2	FormulaInfo	-	PARTIAL
EOF-closed-after-failure	4	TinyExpression	-	PARTIAL
EOF-closed-after-failure	37	TinyExpression	-	PARTIAL
EOF-closed-after-failure	35	Java	-	PARTIAL
